"Time(ms)","IKs","IKs10","IKs25"
-50,0.03,-6.45,-12.06
-49.5,0.03,-6.45,-12.06
-49,0.03,-6.45,-12.07
-48.5,0.03,-6.45,-12.07
-48,0.03,-6.45,-12.07
-47.5,0.03,-6.45,-12.07
-47,0.03,-6.45,-12.07
-46.5,0.03,-6.45,-12.07
-46,0.03,-6.45,-12.07
-45.5,0.03,-6.45,-12.07
-45,0.03,-6.46,-12.07
-44.5,0.03,-6.46,-12.07
-44,0.03,-6.46,-12.07
-43.5,0.03,-6.46,-12.07
-43,0.03,-6.46,-12.07
-42.5,0.03,-6.46,-12.07
-42,0.03,-6.46,-12.07
-41.5,0.03,-6.46,-12.08
-41,0.03,-6.46,-12.08
-40.5,0.03,-6.46,-12.08
-40,0.03,-6.46,-12.08
-39.5,0.03,-6.46,-12.08
-39,0.03,-6.46,-12.08
-38.5,0.03,-6.46,-12.08
-38,0.03,-6.46,-12.08
-37.5,0.03,-6.46,-12.08
-37,0.03,-6.46,-12.08
-36.5,0.03,-6.46,-12.08
-36,0.03,-6.46,-12.08
-35.5,0.03,-6.46,-12.08
-35,0.03,-6.46,-12.08
-34.5,0.03,-6.46,-12.08
-34,0.03,-6.46,-12.09
-33.5,0.03,-6.46,-12.09
-33,0.03,-6.46,-12.09
-32.5,0.03,-6.47,-12.09
-32,0.03,-6.47,-12.09
-31.5,0.03,-6.47,-12.09
-31,0.03,-6.47,-12.09
-30.5,0.03,-6.47,-12.09
-30,0.03,-6.47,-12.09
-29.5,0.03,-6.47,-12.09
-29,0.03,-6.47,-12.09
-28.5,0.03,-6.47,-12.09
-28,0.03,-6.47,-12.09
-27.5,0.03,-6.47,-12.09
-27,0.03,-6.47,-12.09
-26.5,0.03,-6.47,-12.1
-26,0.03,-6.47,-12.1
-25.5,0.03,-6.47,-12.1
-25,0.03,-6.47,-12.1
-24.5,0.03,-6.47,-12.1
-24,0.03,-6.47,-12.1
-23.5,0.03,-6.47,-12.1
-23,0.03,-6.47,-12.1
-22.5,0.03,-6.47,-12.1
-22,0.03,-6.47,-12.1
-21.5,0.03,-6.47,-12.1
-21,0.03,-6.47,-12.1
-20.5,0.03,-6.47,-12.1
-20,0.03,-6.48,-12.1
-19.5,0.03,-6.48,-12.1
-19,0.03,-6.48,-12.1
-18.5,0.03,-6.48,-12.11
-18,0.03,-6.48,-12.11
-17.5,0.03,-6.48,-12.11
-17,0.03,-6.48,-12.11
-16.5,0.03,-6.48,-12.11
-16,0.03,-6.48,-12.11
-15.5,0.03,-6.48,-12.11
-15,0.03,-6.48,-12.11
-14.5,0.03,-6.48,-12.11
-14,0.03,-6.48,-12.11
-13.5,0.03,-6.48,-12.11
-13,0.03,-6.48,-12.11
-12.5,0.03,-6.48,-12.11
-12,0.03,-6.48,-12.11
-11.5,0.03,-6.48,-12.11
-11,0.03,-6.48,-12.11
-10.5,0.03,-6.48,-12.12
.0,0.03,-6.48,-12.12
-9.5,0.03,-6.48,-12.12
-9,0.03,-6.48,-12.12
-8.5,0.03,-6.48,-12.12
-8,0.03,-6.48,-12.12
-7.5,0.03,-6.48,-12.12
-7,0.03,-6.48,-12.12
-6.5,0.03,-6.49,-12.12
-6,0.03,-6.49,-12.12
-5.5,0.03,-6.49,-12.12
-5,0.03,-6.49,-12.12
-4.5,0.03,-6.49,-12.12
-4,0.03,-6.49,-12.12
-3.5,0.03,-6.49,-12.12
-3,0.03,-6.49,-12.12
-2.5,0.03,-6.49,-12.12
-2,0.03,-6.49,-12.13
-1.5,0.03,-6.49,-12.13
-0.99,0.03,-6.49,-12.13
-0.49,0.03,-6.49,-12.13
0.01,0.03,-6.49,-12.13
0.51,0.07,5.08,16.64
1.01,0.12,17.79,48.01
1.51,0.18,31.5,82.76
2.01,0.38,88.37,246.02
2.51,0.61,128.82,317.93
3.01,0.65,125.8,306.85
3.51,0.66,119.97,290.59
4.01,0.67,114.1,275.05
4.51,0.68,109.07,261.99
5.01,0.69,105.03,251.51
5.51,0.7,101.85,243.2
6.01,0.71,99.35,236.52
6.51,0.72,97.35,231.05
7.01,0.74,95.71,226.42
7.51,0.75,94.33,222.39
8.01,0.77,93.15,218.78
8.51,0.79,92.1,215.47
9.01,0.8,91.16,212.36
9.51,0.82,90.29,209.39
10.01,0.84,89.48,206.53
10.51,0.86,88.72,203.76
11.01,0.87,88.01,201.03
11.51,0.89,87.33,198.36
12.01,0.91,86.68,195.72
12.51,0.93,86.05,193.1
13.01,0.95,85.46,190.51
13.51,0.96,84.88,187.93
14.01,0.98,84.33,185.37
14.51,1,83.8,182.82
15.01,1.02,83.29,180.27
15.51,1.04,82.8,177.73
16.01,1.06,82.32,175.19
16.51,1.08,81.85,172.66
17.01,1.1,81.41,170.13
17.51,1.12,80.97,167.61
18.01,1.14,80.55,165.09
18.51,1.15,80.13,162.58
19.01,1.18,79.73,160.07
19.51,1.2,79.34,157.57
20.01,1.22,78.95,155.08
20.51,1.24,78.57,152.6
21.01,1.26,78.2,150.13
21.51,1.28,77.84,147.69
22.01,1.3,77.48,145.25
22.51,1.32,77.13,142.84
23.01,1.34,76.78,140.45
23.51,1.37,76.44,138.08
24.01,1.39,76.1,135.73
24.51,1.41,75.76,133.41
25.01,1.43,75.43,131.11
25.51,1.46,75.1,128.85
26.01,1.48,74.77,126.61
26.51,1.5,74.44,124.39
27.01,1.53,74.11,122.21
27.51,1.55,73.79,120.06
28.01,1.57,73.46,117.94
28.51,1.6,73.14,115.85
29.01,1.62,72.82,113.79
29.51,1.65,72.5,111.75
30.01,1.67,72.17,109.75
30.51,1.7,71.85,107.78
31.01,1.72,71.53,105.84
31.51,1.75,71.2,103.93
32.01,1.77,70.88,102.04
32.51,1.8,70.55,100.19
33.01,1.83,70.22,98.36
33.51,1.85,69.89,96.56
34.01,1.88,69.56,94.79
34.51,1.91,69.23,93.05
35.01,1.93,68.9,91.33
35.51,1.96,68.56,89.64
36.01,1.99,68.23,87.97
36.51,2.02,67.89,86.33
37.01,2.05,67.55,84.72
37.51,2.07,67.21,83.13
38.01,2.1,66.86,81.56
38.51,2.13,66.51,80.02
39.01,2.16,66.17,78.51
39.51,2.19,65.82,77.01
40.01,2.22,65.46,75.54
40.51,2.25,65.11,74.09
41.01,2.28,64.75,72.67
41.51,2.31,64.4,71.26
42.01,2.34,64.04,69.88
42.51,2.37,63.67,68.52
43.01,2.4,63.31,67.18
43.51,2.44,62.94,65.86
44.01,2.47,62.58,64.57
44.51,2.5,62.21,63.29
45.01,2.53,61.83,62.03
45.51,2.56,61.46,60.8
46.01,2.6,61.09,59.58
46.51,2.63,60.71,58.38
47.01,2.66,60.33,57.21
47.51,2.7,59.95,56.05
48.01,2.73,59.57,54.91
48.51,2.76,59.19,53.79
49.01,2.8,58.81,52.69
49.51,2.83,58.42,51.61
50.01,2.87,58.04,50.55
50.51,2.9,57.65,49.5
51.01,2.94,57.26,48.47
51.51,2.97,56.87,47.46
52.01,3.01,56.48,46.47
52.51,3.04,56.1,45.5
53.01,3.08,55.7,44.54
53.51,3.12,55.31,43.6
54.01,3.15,54.92,42.68
54.51,3.19,54.53,41.77
55.01,3.23,54.14,40.88
55.51,3.26,53.75,40.01
56.01,3.3,53.35,39.15
56.51,3.34,52.96,38.31
57.01,3.38,52.57,37.48
57.51,3.42,52.17,36.67
58.01,3.45,51.78,35.88
58.51,3.49,51.39,35.1
59.01,3.53,51,34.34
59.51,3.57,50.61,33.59
60.01,3.61,50.21,32.85
60.51,3.65,49.82,32.13
61.01,3.69,49.43,31.43
61.51,3.73,49.04,30.73
62.01,3.77,48.65,30.06
62.51,3.81,48.26,29.39
63.01,3.85,47.87,28.74
63.51,3.89,47.49,28.11
64.01,3.93,47.1,27.48
64.51,3.97,46.71,26.87
65.01,4.01,46.33,26.27
65.51,4.06,45.94,25.68
66.01,4.1,45.56,25.11
66.51,4.14,45.18,24.55
67.01,4.18,44.8,24
67.51,4.22,44.41,23.46
68.01,4.27,44.04,22.93
68.51,4.31,43.66,22.42
69.01,4.35,43.28,21.91
69.51,4.39,42.9,21.42
70.01,4.44,42.53,20.93
70.51,4.48,42.16,20.46
71.01,4.52,41.78,20
71.51,4.57,41.41,19.55
72.01,4.61,41.04,19.1
72.51,4.65,40.67,18.67
73.01,4.7,40.31,18.25
73.51,4.74,39.94,17.83
74.01,4.78,39.57,17.43
74.51,4.83,39.21,17.03
75.01,4.87,38.85,16.65
75.51,4.92,38.49,16.27
76.01,4.96,38.13,15.9
76.51,5.01,37.77,15.54
77.01,5.05,37.42,15.18
77.51,5.1,37.06,14.84
78.01,5.14,36.71,14.5
78.51,5.19,36.36,14.17
79.01,5.23,36.01,13.85
79.51,5.28,35.66,13.53
80.01,5.32,35.31,13.22
80.51,5.37,34.96,12.92
81.01,5.41,34.62,12.62
81.51,5.46,34.28,12.34
82.01,5.5,33.93,12.05
82.51,5.55,33.59,11.78
83.01,5.59,33.26,11.51
83.51,5.64,32.92,11.24
84.01,5.68,32.58,10.99
84.51,5.73,32.25,10.73
85.01,5.78,31.92,10.49
85.51,5.82,31.59,10.25
86.01,5.87,31.26,10.01
86.51,5.91,30.93,9.78
87.01,5.96,30.61,9.55
87.51,6,30.28,9.33
88.01,6.05,29.96,9.12
88.51,6.1,29.64,8.91
89.01,6.14,29.32,8.7
89.51,6.19,29,8.5
90.01,6.23,28.69,8.3
90.51,6.28,28.37,8.11
91.01,6.33,28.06,7.92
91.51,6.37,27.75,7.74
92.01,6.42,27.44,7.55
92.51,6.46,27.14,7.38
93.01,6.51,26.83,7.2
93.51,6.55,26.53,7.03
94.01,6.6,26.22,6.87
94.51,6.65,25.92,6.71
95.01,6.69,25.62,6.55
95.51,6.74,25.33,6.39
96.01,6.78,25.03,6.24
96.51,6.83,24.74,6.09
97.01,6.87,24.45,5.94
97.51,6.92,24.16,5.8
98.01,6.96,23.87,5.66
98.51,7.01,23.58,5.52
99.01,7.05,23.3,5.38
99.51,7.1,23.01,5.25
100.01,7.14,22.73,5.12
100.51,7.19,22.45,4.99
101.01,7.23,22.18,4.87
101.51,7.28,21.9,4.75
102.01,7.32,21.63,4.63
102.51,7.37,21.36,4.51
103.01,7.41,21.09,4.39
103.51,7.45,20.82,4.28
104.01,7.5,20.55,4.17
104.51,7.54,20.29,4.06
105.01,7.58,20.03,3.95
105.51,7.63,19.76,3.84
106.01,7.67,19.51,3.74
106.51,7.71,19.25,3.64
107.01,7.76,18.99,3.54
107.51,7.8,18.74,3.44
108.01,7.84,18.49,3.34
108.51,7.89,18.24,3.25
109.01,7.93,18,3.16
109.51,7.97,17.75,3.06
110.01,8.01,17.51,2.97
110.51,8.05,17.27,2.89
111.01,8.1,17.03,2.8
111.51,8.14,16.79,2.71
112.01,8.18,16.56,2.63
112.51,8.22,16.32,2.55
113.01,8.26,16.09,2.46
113.51,8.3,15.86,2.38
114.01,8.34,15.64,2.3
114.51,8.38,15.41,2.23
115.01,8.42,15.19,2.15
115.51,8.46,14.97,2.07
116.01,8.5,14.75,2
116.51,8.54,14.53,1.93
117.01,8.58,14.32,1.85
117.51,8.62,14.1,1.78
118.01,8.66,13.89,1.71
118.51,8.69,13.68,1.64
119.01,8.73,13.48,1.57
119.51,8.77,13.27,1.51
120.01,8.81,13.07,1.44
120.51,8.84,12.87,1.37
121.01,8.88,12.67,1.31
121.51,8.92,12.48,1.24
122.01,8.95,12.28,1.18
122.51,8.99,12.09,1.12
123.01,9.02,11.9,1.06
123.51,9.06,11.71,1
124.01,9.1,11.52,0.94
124.51,9.13,11.34,0.88
125.01,9.16,11.16,0.82
125.51,9.2,10.98,0.76
126.01,9.23,10.8,0.7
126.51,9.27,10.62,0.65
127.01,9.3,10.45,0.59
127.51,9.33,10.28,0.53
128.01,9.36,10.11,0.48
128.51,9.4,9.94,0.43
129.01,9.43,9.77,0.37
129.51,9.46,9.61,0.32
130.01,9.49,9.44,0.27
130.51,9.52,9.28,0.21
131.01,9.55,9.13,0.16
131.51,9.58,8.97,0.11
132.01,9.61,8.81,0.06
132.51,9.64,8.66,0.01
133.01,9.67,8.51,-0.04
133.51,9.69,8.36,-0.09
134.01,9.72,8.21,-0.13
134.51,9.75,8.07,-0.18
135.01,9.78,7.92,-0.23
135.51,9.8,7.78,-0.28
136.01,9.83,7.64,-0.32
136.51,9.86,7.5,-0.37
137.01,9.88,7.37,-0.42
137.51,9.91,7.23,-0.46
138.01,9.93,7.1,-0.51
138.51,9.95,6.97,-0.55
139.01,9.98,6.84,-0.59
139.51,10,6.71,-0.64
140.01,10.02,6.59,-0.68
140.51,10.04,6.46,-0.72
141.01,10.07,6.34,-0.77
141.51,10.09,6.22,-0.81
142.01,10.11,6.1,-0.85
142.51,10.13,5.98,-0.89
143.01,10.15,5.86,-0.94
143.51,10.17,5.75,-0.98
144.01,10.19,5.64,-1.02
144.51,10.2,5.52,-1.06
145.01,10.22,5.41,-1.1
145.51,10.24,5.3,-1.14
146.01,10.26,5.2,-1.18
146.51,10.27,5.09,-1.22
147.01,10.29,4.99,-1.26
147.51,10.3,4.89,-1.3
148.01,10.32,4.78,-1.33
148.51,10.33,4.68,-1.37
149.01,10.34,4.59,-1.41
149.51,10.36,4.49,-1.45
150.01,10.37,4.39,-1.49
150.51,10.38,4.3,-1.52
151.01,10.39,4.21,-1.56
151.51,10.4,4.11,-1.6
152.01,10.41,4.02,-1.63
152.51,10.42,3.93,-1.67
153.01,10.43,3.85,-1.71
153.51,10.44,3.76,-1.74
154.01,10.45,3.67,-1.78
154.51,10.46,3.59,-1.81
155.01,10.46,3.51,-1.85
155.51,10.47,3.42,-1.88
156.01,10.48,3.34,-1.92
156.51,10.48,3.26,-1.95
157.01,10.49,3.19,-1.99
157.51,10.49,3.11,-2.02
158.01,10.49,3.03,-2.05
158.51,10.5,2.96,-2.09
159.01,10.5,2.88,-2.12
159.51,10.5,2.81,-2.16
160.01,10.5,2.74,-2.19
160.51,10.5,2.67,-2.22
161.01,10.5,2.6,-2.25
161.51,10.5,2.53,-2.29
162.01,10.5,2.46,-2.32
162.51,10.5,2.39,-2.35
163.01,10.49,2.33,-2.38
163.51,10.49,2.26,-2.42
164.01,10.49,2.2,-2.45
164.51,10.48,2.14,-2.48
165.01,10.48,2.07,-2.51
165.51,10.47,2.01,-2.54
166.01,10.47,1.95,-2.57
166.51,10.46,1.89,-2.61
167.01,10.45,1.83,-2.64
167.51,10.45,1.77,-2.67
168.01,10.44,1.72,-2.7
168.51,10.43,1.66,-2.73
169.01,10.42,1.6,-2.76
169.51,10.41,1.55,-2.79
170.01,10.4,1.49,-2.82
170.51,10.39,1.44,-2.85
171.01,10.37,1.39,-2.88
171.51,10.36,1.34,-2.91
172.01,10.35,1.28,-2.94
172.51,10.34,1.23,-2.97
173.01,10.32,1.18,-3
173.51,10.31,1.13,-3.02
174.01,10.29,1.09,-3.05
174.51,10.28,1.04,-3.08
175.01,10.26,0.99,-3.11
175.51,10.24,0.94,-3.14
176.01,10.23,0.9,-3.17
176.51,10.21,0.85,-3.2
177.01,10.19,0.81,-3.22
177.51,10.17,0.76,-3.25
178.01,10.15,0.72,-3.28
178.51,10.13,0.68,-3.31
179.01,10.11,0.63,-3.34
179.51,10.09,0.59,-3.36
180.01,10.07,0.55,-3.39
180.51,10.04,0.51,-3.42
181.01,10.02,0.47,-3.44
181.51,10,0.43,-3.47
182.01,9.98,0.39,-3.5
182.51,9.95,0.35,-3.53
183.01,9.93,0.31,-3.55
183.51,9.9,0.27,-3.58
184.01,9.88,0.23,-3.6
184.51,9.85,0.2,-3.63
185.01,9.82,0.16,-3.66
185.51,9.8,0.12,-3.68
186.01,9.77,0.09,-3.71
186.51,9.74,0.05,-3.74
187.01,9.71,0.02,-3.76
187.51,9.68,-0.02,-3.79
188.01,9.66,-0.05,-3.81
188.51,9.63,-0.08,-3.84
189.01,9.6,-0.12,-3.86
189.51,9.57,-0.15,-3.89
190.01,9.53,-0.18,-3.91
190.51,9.5,-0.21,-3.94
191.01,9.47,-0.25,-3.96
191.51,9.44,-0.28,-3.99
192.01,9.41,-0.31,-4.01
192.51,9.37,-0.34,-4.04
193.01,9.34,-0.37,-4.06
193.51,9.31,-0.4,-4.09
194.01,9.27,-0.43,-4.11
194.51,9.24,-0.46,-4.14
195.01,9.2,-0.49,-4.16
195.51,9.17,-0.52,-4.18
196.01,9.13,-0.55,-4.21
196.51,9.1,-0.57,-4.23
197.01,9.06,-0.6,-4.26
197.51,9.03,-0.63,-4.28
198.01,8.99,-0.66,-4.3
198.51,8.95,-0.68,-4.33
199.01,8.92,-0.71,-4.35
199.51,8.88,-0.74,-4.37
200.01,8.84,-0.76,-4.4
200.51,8.8,-0.79,-4.42
201.01,8.77,-0.81,-4.44
201.51,8.73,-0.84,-4.47
202.01,8.69,-0.86,-4.49
202.51,8.65,-0.89,-4.51
203.01,8.61,-0.91,-4.53
203.51,8.57,-0.94,-4.56
204.01,8.53,-0.96,-4.58
204.51,8.49,-0.99,-4.6
205.01,8.45,-1.01,-4.62
205.51,8.41,-1.03,-4.65
206.01,8.37,-1.06,-4.67
206.51,8.33,-1.08,-4.69
207.01,8.29,-1.1,-4.71
207.51,8.25,-1.13,-4.73
208.01,8.21,-1.15,-4.76
208.51,8.16,-1.17,-4.78
209.01,8.12,-1.19,-4.8
209.51,8.08,-1.21,-4.82
210.01,8.04,-1.24,-4.84
210.51,8,-1.26,-4.86
211.01,7.95,-1.28,-4.89
211.51,7.91,-1.3,-4.91
212.01,7.87,-1.32,-4.93
212.51,7.83,-1.34,-4.95
213.01,7.78,-1.36,-4.97
213.51,7.74,-1.38,-4.99
214.01,7.7,-1.4,-5.01
214.51,7.65,-1.42,-5.03
215.01,7.61,-1.44,-5.05
215.51,7.57,-1.46,-5.07
216.01,7.52,-1.48,-5.1
216.51,7.48,-1.5,-5.12
217.01,7.44,-1.52,-5.14
217.51,7.39,-1.54,-5.16
218.01,7.35,-1.56,-5.18
218.51,7.3,-1.58,-5.2
219.01,7.26,-1.6,-5.22
219.51,7.22,-1.61,-5.24
220.01,7.17,-1.63,-5.26
220.51,7.13,-1.65,-5.28
221.01,7.08,-1.67,-5.3
221.51,7.04,-1.69,-5.32
222.01,6.99,-1.7,-5.34
222.51,6.95,-1.72,-5.36
223.01,6.91,-1.74,-5.38
223.51,6.86,-1.76,-5.4
224.01,6.82,-1.77,-5.42
224.51,6.77,-1.79,-5.43
225.01,6.73,-1.81,-5.45
225.51,6.68,-1.83,-5.47
226.01,6.64,-1.84,-5.49
226.51,6.6,-1.86,-5.51
227.01,6.55,-1.88,-5.53
227.51,6.51,-1.89,-5.55
228.01,6.46,-1.91,-5.57
228.51,6.42,-1.93,-5.59
229.01,6.37,-1.94,-5.61
229.51,6.33,-1.96,-5.62
230.01,6.29,-1.97,-5.64
230.51,6.24,-1.99,-5.66
231.01,6.2,-2.01,-5.68
231.51,6.15,-2.02,-5.7
232.01,6.11,-2.04,-5.72
232.51,6.07,-2.05,-5.74
233.01,6.02,-2.07,-5.75
233.51,5.98,-2.08,-5.77
234.01,5.93,-2.1,-5.79
234.51,5.89,-2.11,-5.81
235.01,5.85,-2.13,-5.83
235.51,5.8,-2.14,-5.84
236.01,5.76,-2.16,-5.86
236.51,5.72,-2.17,-5.88
237.01,5.67,-2.19,-5.9
237.51,5.63,-2.2,-5.92
238.01,5.59,-2.22,-5.93
238.51,5.54,-2.23,-5.95
239.01,5.5,-2.24,-5.97
239.51,5.46,-2.26,-5.99
240.01,5.41,-2.27,-6
240.51,5.37,-2.29,-6.02
241.01,5.33,-2.3,-6.04
241.51,5.29,-2.32,-6.05
242.01,5.24,-2.33,-6.07
242.51,5.2,-2.34,-6.09
243.01,5.16,-2.36,-6.11
243.51,5.12,-2.37,-6.12
244.01,5.08,-2.38,-6.14
244.51,5.04,-2.4,-6.16
245.01,4.99,-2.41,-6.17
245.51,4.95,-2.42,-6.19
246.01,4.91,-2.44,-6.21
246.51,4.87,-2.45,-6.22
247.01,4.83,-2.46,-6.24
247.51,4.79,-2.48,-6.26
248.01,4.75,-2.49,-6.27
248.51,4.71,-2.5,-6.29
249.01,4.67,-2.51,-6.31
249.51,4.63,-2.53,-6.32
250.01,4.59,-2.54,-6.34
250.51,4.55,-2.55,-6.35
251.01,4.51,-2.57,-6.37
251.51,4.47,-2.58,-6.39
252.01,4.43,-2.59,-6.4
252.51,4.39,-2.6,-6.42
253.01,4.35,-2.61,-6.43
253.51,4.31,-2.63,-6.45
254.01,4.27,-2.64,-6.47
254.51,4.23,-2.65,-6.48
255.01,4.2,-2.66,-6.5
255.51,4.16,-2.68,-6.51
256.01,4.12,-2.69,-6.53
256.51,4.08,-2.7,-6.54
257.01,4.04,-2.71,-6.56
257.51,4.01,-2.72,-6.58
258.01,3.97,-2.73,-6.59
258.51,3.93,-2.75,-6.61
259.01,3.9,-2.76,-6.62
259.51,3.86,-2.77,-6.64
260.01,3.82,-2.78,-6.65
260.51,3.79,-2.79,-6.67
261.01,3.75,-2.8,-6.68
261.51,3.72,-2.82,-6.7
262.01,3.68,-2.83,-6.71
262.51,3.64,-2.84,-6.73
263.01,3.61,-2.85,-6.74
263.51,3.57,-2.86,-6.76
264.01,3.54,-2.87,-6.77
264.51,3.51,-2.88,-6.79
265.01,3.47,-2.89,-6.8
265.51,3.44,-2.9,-6.82
266.01,3.4,-2.92,-6.83
266.51,3.37,-2.93,-6.85
267.01,3.34,-2.94,-6.86
267.51,3.3,-2.95,-6.87
268.01,3.27,-2.96,-6.89
268.51,3.24,-2.97,-6.9
269.01,3.21,-2.98,-6.92
269.51,3.17,-2.99,-6.93
270.01,3.14,-3,-6.95
270.51,3.11,-3.01,-6.96
271.01,3.08,-3.02,-6.97
271.51,3.05,-3.03,-6.99
272.01,3.02,-3.04,-7
272.51,2.99,-3.05,-7.02
273.01,2.96,-3.06,-7.03
273.51,2.93,-3.07,-7.04
274.01,2.9,-3.08,-7.06
274.51,2.87,-3.09,-7.07
275.01,2.84,-3.1,-7.09
275.51,2.81,-3.11,-7.1
276.01,2.78,-3.12,-7.11
276.51,2.75,-3.13,-7.13
277.01,2.72,-3.14,-7.14
277.51,2.69,-3.15,-7.15
278.01,2.67,-3.16,-7.17
278.51,2.64,-3.17,-7.18
279.01,2.61,-3.18,-7.19
279.51,2.58,-3.19,-7.21
280.01,2.56,-3.2,-7.22
280.51,2.53,-3.21,-7.23
281.01,2.5,-3.22,-7.25
281.51,2.48,-3.23,-7.26
282.01,2.45,-3.24,-7.27
282.51,2.43,-3.25,-7.29
283.01,2.4,-3.26,-7.3
283.51,2.38,-3.27,-7.31
284.01,2.35,-3.28,-7.33
284.51,2.33,-3.29,-7.34
285.01,2.3,-3.3,-7.35
285.51,2.28,-3.31,-7.37
286.01,2.25,-3.32,-7.38
286.51,2.23,-3.33,-7.39
287.01,2.21,-3.34,-7.4
287.51,2.18,-3.34,-7.42
288.01,2.16,-3.35,-7.43
288.51,2.14,-3.36,-7.44
289.01,2.12,-3.37,-7.45
289.51,2.09,-3.38,-7.47
290.01,2.07,-3.39,-7.48
290.51,2.05,-3.4,-7.49
291.01,2.03,-3.41,-7.5
291.51,2.01,-3.42,-7.52
292.01,1.99,-3.43,-7.53
292.51,1.96,-3.43,-7.54
293.01,1.94,-3.44,-7.55
293.51,1.92,-3.45,-7.57
294.01,1.9,-3.46,-7.58
294.51,1.88,-3.47,-7.59
295.01,1.86,-3.48,-7.6
295.51,1.84,-3.49,-7.62
296.01,1.83,-3.5,-7.63
296.51,1.81,-3.5,-7.64
297.01,1.79,-3.51,-7.65
297.51,1.77,-3.52,-7.66
298.01,1.75,-3.53,-7.68
298.51,1.73,-3.54,-7.69
299.01,1.71,-3.55,-7.7
299.51,1.7,-3.56,-7.71
300.01,1.68,-3.56,-7.72
300.51,1.66,-3.57,-7.73
301.01,1.65,-3.58,-7.75
301.51,1.63,-3.59,-7.76
302.01,1.61,-3.6,-7.77
302.51,1.6,-3.6,-7.78
303.01,1.58,-3.61,-7.79
303.51,1.56,-3.62,-7.8
304.01,1.55,-3.63,-7.82
304.51,1.53,-3.64,-7.83
305.01,1.52,-3.65,-7.84
305.51,1.5,-3.65,-7.85
306.01,1.49,-3.66,-7.86
306.51,1.47,-3.67,-7.87
307.01,1.46,-3.68,-7.88
307.51,1.44,-3.69,-7.9
308.01,1.43,-3.69,-7.91
308.51,1.41,-3.7,-7.92
309.01,1.4,-3.71,-7.93
309.51,1.39,-3.72,-7.94
310.01,1.37,-3.72,-7.95
310.51,1.36,-3.73,-7.96
311.01,1.35,-3.74,-7.97
311.51,1.33,-3.75,-7.98
312.01,1.32,-3.76,-8
312.51,1.31,-3.76,-8.01
313.01,1.29,-3.77,-8.02
313.51,1.28,-3.78,-8.03
314.01,1.27,-3.79,-8.04
314.51,1.26,-3.79,-8.05
315.01,1.25,-3.8,-8.06
315.51,1.23,-3.81,-8.07
316.01,1.22,-3.82,-8.08
316.51,1.21,-3.82,-8.09
317.01,1.2,-3.83,-8.1
317.51,1.19,-3.84,-8.11
318.01,1.18,-3.85,-8.12
318.51,1.17,-3.85,-8.13
319.01,1.16,-3.86,-8.15
319.51,1.14,-3.87,-8.16
320.01,1.13,-3.88,-8.17
320.51,1.12,-3.88,-8.18
321.01,1.11,-3.89,-8.19
321.51,1.1,-3.9,-8.2
322.01,1.09,-3.9,-8.21
322.51,1.08,-3.91,-8.22
323.01,1.07,-3.92,-8.23
323.51,1.06,-3.93,-8.24
324.01,1.06,-3.93,-8.25
324.51,1.05,-3.94,-8.26
325.01,1.04,-3.95,-8.27
325.51,1.03,-3.95,-8.28
326.01,1.02,-3.96,-8.29
326.51,1.01,-3.97,-8.3
327.01,1,-3.97,-8.31
327.51,0.99,-3.98,-8.32
328.01,0.98,-3.99,-8.33
328.51,0.98,-4,-8.34
329.01,0.97,-4,-8.35
329.51,0.96,-4.01,-8.36
330.01,0.95,-4.02,-8.37
330.51,0.94,-4.02,-8.38
331.01,0.93,-4.03,-8.39
331.51,0.93,-4.04,-8.4
332.01,0.92,-4.04,-8.41
332.51,0.91,-4.05,-8.42
333.01,0.9,-4.06,-8.43
333.51,0.9,-4.06,-8.44
334.01,0.89,-4.07,-8.45
334.51,0.88,-4.08,-8.46
335.01,0.87,-4.08,-8.47
335.51,0.87,-4.09,-8.47
336.01,0.86,-4.1,-8.48
336.51,0.85,-4.1,-8.49
337.01,0.85,-4.11,-8.5
337.51,0.84,-4.12,-8.51
338.01,0.83,-4.12,-8.52
338.51,0.83,-4.13,-8.53
339.01,0.82,-4.13,-8.54
339.51,0.81,-4.14,-8.55
340.01,0.81,-4.15,-8.56
340.51,0.8,-4.15,-8.57
341.01,0.8,-4.16,-8.58
341.51,0.79,-4.17,-8.59
342.01,0.78,-4.17,-8.6
342.51,0.78,-4.18,-8.61
343.01,0.77,-4.19,-8.61
343.51,0.77,-4.19,-8.62
344.01,0.76,-4.2,-8.63
344.51,0.75,-4.2,-8.64
345.01,0.75,-4.21,-8.65
345.51,0.74,-4.22,-8.66
346.01,0.74,-4.22,-8.67
346.51,0.73,-4.23,-8.68
347.01,0.73,-4.23,-8.69
347.51,0.72,-4.24,-8.7
348.01,0.72,-4.25,-8.7
348.51,0.71,-4.25,-8.71
349.01,0.71,-4.26,-8.72
349.51,0.7,-4.27,-8.73
350.01,0.69,-4.27,-8.74
350.51,0.69,-4.28,-8.75
351.01,0.69,-4.28,-8.76
351.51,0.68,-4.29,-8.77
352.01,0.68,-4.29,-8.77
352.51,0.67,-4.3,-8.78
353.01,0.67,-4.31,-8.79
353.51,0.66,-4.31,-8.8
354.01,0.66,-4.32,-8.81
354.51,0.65,-4.32,-8.82
355.01,0.65,-4.33,-8.83
355.51,0.64,-4.34,-8.83
356.01,0.64,-4.34,-8.84
356.51,0.63,-4.35,-8.85
357.01,0.63,-4.35,-8.86
357.51,0.63,-4.36,-8.87
358.01,0.62,-4.36,-8.88
358.51,0.62,-4.37,-8.88
359.01,0.61,-4.38,-8.89
359.51,0.61,-4.38,-8.9
360.01,0.6,-4.39,-8.91
360.51,0.6,-4.39,-8.92
361.01,0.6,-4.4,-8.93
361.51,0.59,-4.4,-8.93
362.01,0.59,-4.41,-8.94
362.51,0.58,-4.42,-8.95
363.01,0.58,-4.42,-8.96
363.51,0.58,-4.43,-8.97
364.01,0.57,-4.43,-8.97
364.51,0.57,-4.44,-8.98
365.01,0.57,-4.44,-8.99
365.51,0.56,-4.45,-9
366.01,0.56,-4.45,-9.01
366.51,0.56,-4.46,-9.02
367.01,0.55,-4.46,-9.02
367.51,0.55,-4.47,-9.03
368.01,0.54,-4.48,-9.04
368.51,0.54,-4.48,-9.05
369.01,0.54,-4.49,-9.05
369.51,0.53,-4.49,-9.06
370.01,0.53,-4.5,-9.07
370.51,0.53,-4.5,-9.08
371.01,0.52,-4.51,-9.09
371.51,0.52,-4.51,-9.09
372.01,0.52,-4.52,-9.1
372.51,0.51,-4.52,-9.11
373.01,0.51,-4.53,-9.12
373.51,0.51,-4.53,-9.12
374.01,0.5,-4.54,-9.13
374.51,0.5,-4.54,-9.14
375.01,0.5,-4.55,-9.15
375.51,0.5,-4.55,-9.16
376.01,0.49,-4.56,-9.16
376.51,0.49,-4.56,-9.17
377.01,0.49,-4.57,-9.18
377.51,0.48,-4.57,-9.19
378.01,0.48,-4.58,-9.19
378.51,0.48,-4.58,-9.2
379.01,0.48,-4.59,-9.21
379.51,0.47,-4.59,-9.22
380.01,0.47,-4.6,-9.22
380.51,0.47,-4.6,-9.23
381.01,0.46,-4.61,-9.24
381.51,0.46,-4.61,-9.24
382.01,0.46,-4.62,-9.25
382.51,0.46,-4.62,-9.26
383.01,0.45,-4.63,-9.27
383.51,0.45,-4.63,-9.27
384.01,0.45,-4.64,-9.28
384.51,0.45,-4.64,-9.29
385.01,0.44,-4.65,-9.3
385.51,0.44,-4.65,-9.3
386.01,0.44,-4.66,-9.31
386.51,0.43,-4.66,-9.32
387.01,0.43,-4.67,-9.32
387.51,0.43,-4.67,-9.33
388.01,0.43,-4.68,-9.34
388.51,0.43,-4.68,-9.35
389.01,0.42,-4.69,-9.35
389.51,0.42,-4.69,-9.36
390.01,0.42,-4.7,-9.37
390.51,0.42,-4.7,-9.37
391.01,0.41,-4.71,-9.38
391.51,0.41,-4.71,-9.39
392.01,0.41,-4.71,-9.39
392.51,0.41,-4.72,-9.4
393.01,0.4,-4.72,-9.41
393.51,0.4,-4.73,-9.42
394.01,0.4,-4.73,-9.42
394.51,0.4,-4.74,-9.43
395.01,0.39,-4.74,-9.44
395.51,0.39,-4.75,-9.44
396.01,0.39,-4.75,-9.45
396.51,0.39,-4.76,-9.46
397.01,0.39,-4.76,-9.46
397.51,0.38,-4.77,-9.47
398.01,0.38,-4.77,-9.48
398.51,0.38,-4.77,-9.48
399.01,0.38,-4.78,-9.49
399.51,0.38,-4.78,-9.5
400.01,0.37,-4.79,-9.5
400.51,0.37,-4.79,-9.51
401.01,0.37,-4.8,-9.52
401.51,0.37,-4.8,-9.52
402.01,0.37,-4.81,-9.53
402.51,0.36,-4.81,-9.54
403.01,0.36,-4.81,-9.54
403.51,0.36,-4.82,-9.55
404.01,0.36,-4.82,-9.56
404.51,0.36,-4.83,-9.56
405.01,0.35,-4.83,-9.57
405.51,0.35,-4.84,-9.57
406.01,0.35,-4.84,-9.58
406.51,0.35,-4.84,-9.59
407.01,0.35,-4.85,-9.59
407.51,0.34,-4.85,-9.6
408.01,0.34,-4.86,-9.61
408.51,0.34,-4.86,-9.61
409.01,0.34,-4.87,-9.62
409.51,0.34,-4.87,-9.63
410.01,0.34,-4.87,-9.63
410.51,0.33,-4.88,-9.64
411.01,0.33,-4.88,-9.64
411.51,0.33,-4.89,-9.65
412.01,0.33,-4.89,-9.66
412.51,0.33,-4.89,-9.66
413.01,0.33,-4.9,-9.67
413.51,0.32,-4.9,-9.68
414.01,0.32,-4.91,-9.68
414.51,0.32,-4.91,-9.69
415.01,0.32,-4.92,-9.69
415.51,0.32,-4.92,-9.7
416.01,0.32,-4.92,-9.71
416.51,0.31,-4.93,-9.71
417.01,0.31,-4.93,-9.72
417.51,0.31,-4.94,-9.72
418.01,0.31,-4.94,-9.73
418.51,0.31,-4.94,-9.74
419.01,0.31,-4.95,-9.74
419.51,0.3,-4.95,-9.75
420.01,0.3,-4.96,-9.76
420.51,0.3,-4.96,-9.76
421.01,0.3,-4.96,-9.77
421.51,0.3,-4.97,-9.77
422.01,0.3,-4.97,-9.78
422.51,0.3,-4.98,-9.78
423.01,0.29,-4.98,-9.79
423.51,0.29,-4.98,-9.8
424.01,0.29,-4.99,-9.8
424.51,0.29,-4.99,-9.81
425.01,0.29,-4.99,-9.81
425.51,0.29,-5,-9.82
426.01,0.29,-5,-9.83
426.51,0.28,-5.01,-9.83
427.01,0.28,-5.01,-9.84
427.51,0.28,-5.01,-9.84
428.01,0.28,-5.02,-9.85
428.51,0.28,-5.02,-9.85
429.01,0.28,-5.03,-9.86
429.51,0.28,-5.03,-9.87
430.01,0.27,-5.03,-9.87
430.51,0.27,-5.04,-9.88
431.01,0.27,-5.04,-9.88
431.51,0.27,-5.04,-9.89
432.01,0.27,-5.05,-9.89
432.51,0.27,-5.05,-9.9
433.01,0.27,-5.06,-9.91
433.51,0.26,-5.06,-9.91
434.01,0.26,-5.06,-9.92
434.51,0.26,-5.07,-9.92
435.01,0.26,-5.07,-9.93
435.51,0.26,-5.07,-9.93
436.01,0.26,-5.08,-9.94
436.51,0.26,-5.08,-9.94
437.01,0.26,-5.08,-9.95
437.51,0.25,-5.09,-9.95
438.01,0.25,-5.09,-9.96
438.51,0.25,-5.1,-9.97
439.01,0.25,-5.1,-9.97
439.51,0.25,-5.1,-9.98
440.01,0.25,-5.11,-9.98
440.51,0.25,-5.11,-9.99
441.01,0.25,-5.11,-9.99
441.51,0.25,-5.12,-10
442.01,0.24,-5.12,-10
442.51,0.24,-5.12,-10.01
443.01,0.24,-5.13,-10.01
443.51,0.24,-5.13,-10.02
444.01,0.24,-5.13,-10.02
444.51,0.24,-5.14,-10.03
445.01,0.24,-5.14,-10.04
445.51,0.24,-5.14,-10.04
446.01,0.24,-5.15,-10.05
446.51,0.23,-5.15,-10.05
447.01,0.23,-5.15,-10.06
447.51,0.23,-5.16,-10.06
448.01,0.23,-5.16,-10.07
448.51,0.23,-5.16,-10.07
449.01,0.23,-5.17,-10.08
449.51,0.23,-5.17,-10.08
450.01,0.23,-5.17,-10.09
450.51,0.23,-5.18,-10.09
451.01,0.22,-5.18,-10.1
451.51,0.22,-5.19,-10.1
452.01,0.22,-5.19,-10.11
452.51,0.22,-5.19,-10.11
453.01,0.22,-5.2,-10.12
453.51,0.22,-5.2,-10.12
454.01,0.22,-5.2,-10.13
454.51,0.22,-5.2,-10.13
455.01,0.22,-5.21,-10.14
455.51,0.22,-5.21,-10.14
456.01,0.21,-5.21,-10.15
456.51,0.21,-5.22,-10.15
457.01,0.21,-5.22,-10.16
457.51,0.21,-5.22,-10.16
458.01,0.21,-5.23,-10.17
458.51,0.21,-5.23,-10.17
459.01,0.21,-5.23,-10.18
459.51,0.21,-5.24,-10.18
460.01,0.21,-5.24,-10.19
460.51,0.21,-5.24,-10.19
461.01,0.21,-5.25,-10.2
461.51,0.2,-5.25,-10.2
462.01,0.2,-5.25,-10.21
462.51,0.2,-5.26,-10.21
463.01,0.2,-5.26,-10.22
463.51,0.2,-5.26,-10.22
464.01,0.2,-5.27,-10.23
464.51,0.2,-5.27,-10.23
465.01,0.2,-5.27,-10.24
465.51,0.2,-5.28,-10.24
466.01,0.2,-5.28,-10.24
466.51,0.2,-5.28,-10.25
467.01,0.19,-5.28,-10.25
467.51,0.19,-5.29,-10.26
468.01,0.19,-5.29,-10.26
468.51,0.19,-5.29,-10.27
469.01,0.19,-5.3,-10.27
469.51,0.19,-5.3,-10.28
470.01,0.19,-5.3,-10.28
470.51,0.19,-5.31,-10.29
471.01,0.19,-5.31,-10.29
471.51,0.19,-5.31,-10.3
472.01,0.19,-5.31,-10.3
472.51,0.19,-5.32,-10.31
473.01,0.18,-5.32,-10.31
473.51,0.18,-5.32,-10.31
474.01,0.18,-5.33,-10.32
474.51,0.18,-5.33,-10.32
475.01,0.18,-5.33,-10.33
475.51,0.18,-5.34,-10.33
476.01,0.18,-5.34,-10.34
476.51,0.18,-5.34,-10.34
477.01,0.18,-5.34,-10.35
477.51,0.18,-5.35,-10.35
478.01,0.18,-5.35,-10.35
478.51,0.18,-5.35,-10.36
479.01,0.18,-5.36,-10.36
479.51,0.17,-5.36,-10.37
480.01,0.17,-5.36,-10.37
480.51,0.17,-5.36,-10.38
481.01,0.17,-5.37,-10.38
481.51,0.17,-5.37,-10.39
482.01,0.17,-5.37,-10.39
482.51,0.17,-5.38,-10.39
483.01,0.17,-5.38,-10.4
483.51,0.17,-5.38,-10.4
484.01,0.17,-5.38,-10.41
484.51,0.17,-5.39,-10.41
485.01,0.17,-5.39,-10.42
485.51,0.17,-5.39,-10.42
486.01,0.17,-5.4,-10.42
486.51,0.17,-5.4,-10.43
487.01,0.16,-5.4,-10.43
487.51,0.16,-5.4,-10.44
488.01,0.16,-5.41,-10.44
488.51,0.16,-5.41,-10.45
489.01,0.16,-5.41,-10.45
489.51,0.16,-5.42,-10.45
490.01,0.16,-5.42,-10.46
490.51,0.16,-5.42,-10.46
491.01,0.16,-5.42,-10.47
491.51,0.16,-5.43,-10.47
492.01,0.16,-5.43,-10.48
492.51,0.16,-5.43,-10.48
493.01,0.16,-5.43,-10.48
493.51,0.16,-5.44,-10.49
494.01,0.16,-5.44,-10.49
494.51,0.15,-5.44,-10.5
495.01,0.15,-5.45,-10.5
495.51,0.15,-5.45,-10.5
496.01,0.15,-5.45,-10.51
496.51,0.15,-5.45,-10.51
497.01,0.15,-5.46,-10.52
497.51,0.15,-5.46,-10.52
498.01,0.15,-5.46,-10.52
498.51,0.15,-5.46,-10.53
499.01,0.15,-5.47,-10.53
499.51,0.15,-5.47,-10.54
500.01,0.15,-5.47,-10.54
500.51,0.15,-5.47,-10.55
501.01,0.15,-5.48,-10.55
501.51,0.15,-5.48,-10.55
502.01,0.15,-5.48,-10.56
502.51,0.15,-5.48,-10.56
503.01,0.14,-5.49,-10.56
503.51,0.14,-5.49,-10.57
504.01,0.14,-5.49,-10.57
504.51,0.14,-5.49,-10.58
505.01,0.14,-5.5,-10.58
505.51,0.14,-5.5,-10.58
506.01,0.14,-5.5,-10.59
506.51,0.14,-5.5,-10.59
507.01,0.14,-5.51,-10.6
507.51,0.14,-5.51,-10.6
508.01,0.14,-5.51,-10.6
508.51,0.14,-5.51,-10.61
509.01,0.14,-5.52,-10.61
509.51,0.14,-5.52,-10.62
510.01,0.14,-5.52,-10.62
510.51,0.14,-5.52,-10.62
511.01,0.14,-5.53,-10.63
511.51,0.14,-5.53,-10.63
512.01,0.14,-5.53,-10.63
512.51,0.13,-5.53,-10.64
513.01,0.13,-5.54,-10.64
513.51,0.13,-5.54,-10.65
514.01,0.13,-5.54,-10.65
514.51,0.13,-5.54,-10.65
515.01,0.13,-5.55,-10.66
515.51,0.13,-5.55,-10.66
516.01,0.13,-5.55,-10.66
516.51,0.13,-5.55,-10.67
517.01,0.13,-5.56,-10.67
517.51,0.13,-5.56,-10.68
518.01,0.13,-5.56,-10.68
518.51,0.13,-5.56,-10.68
519.01,0.13,-5.57,-10.69
519.51,0.13,-5.57,-10.69
520.01,0.13,-5.57,-10.69
520.51,0.13,-5.57,-10.7
521.01,0.13,-5.58,-10.7
521.51,0.13,-5.58,-10.7
522.01,0.13,-5.58,-10.71
522.51,0.13,-5.58,-10.71
523.01,0.12,-5.58,-10.72
523.51,0.12,-5.59,-10.72
524.01,0.12,-5.59,-10.72
524.51,0.12,-5.59,-10.73
525.01,0.12,-5.59,-10.73
525.51,0.12,-5.6,-10.73
526.01,0.12,-5.6,-10.74
526.51,0.12,-5.6,-10.74
527.01,0.12,-5.6,-10.74
527.51,0.12,-5.61,-10.75
528.01,0.12,-5.61,-10.75
528.51,0.12,-5.61,-10.75
529.01,0.12,-5.61,-10.76
529.51,0.12,-5.61,-10.76
530.01,0.12,-5.62,-10.77
530.51,0.12,-5.62,-10.77
531.01,0.12,-5.62,-10.77
531.51,0.12,-5.62,-10.78
532.01,0.12,-5.63,-10.78
532.51,0.12,-5.63,-10.78
533.01,0.12,-5.63,-10.79
533.51,0.12,-5.63,-10.79
534.01,0.12,-5.63,-10.79
534.51,0.11,-5.64,-10.8
535.01,0.11,-5.64,-10.8
535.51,0.11,-5.64,-10.8
536.01,0.11,-5.64,-10.81
536.51,0.11,-5.65,-10.81
537.01,0.11,-5.65,-10.81
537.51,0.11,-5.65,-10.82
538.01,0.11,-5.65,-10.82
538.51,0.11,-5.65,-10.82
539.01,0.11,-5.66,-10.83
539.51,0.11,-5.66,-10.83
540.01,0.11,-5.66,-10.83
540.51,0.11,-5.66,-10.84
541.01,0.11,-5.66,-10.84
541.51,0.11,-5.67,-10.84
542.01,0.11,-5.67,-10.85
542.51,0.11,-5.67,-10.85
543.01,0.11,-5.67,-10.85
543.51,0.11,-5.68,-10.86
544.01,0.11,-5.68,-10.86
544.51,0.11,-5.68,-10.86
545.01,0.11,-5.68,-10.87
545.51,0.11,-5.68,-10.87
546.01,0.11,-5.69,-10.87
546.51,0.11,-5.69,-10.88
547.01,0.11,-5.69,-10.88
547.51,0.11,-5.69,-10.88
548.01,0.1,-5.69,-10.89
548.51,0.1,-5.7,-10.89
549.01,0.1,-5.7,-10.89
549.51,0.1,-5.7,-10.9
550.01,0.1,-5.7,-10.9
550.51,0.1,-5.7,-10.9
551.01,0.1,-5.71,-10.9
551.51,0.1,-5.71,-10.91
552.01,0.1,-5.71,-10.91
552.51,0.1,-5.71,-10.91
553.01,0.1,-5.71,-10.92
553.51,0.1,-5.72,-10.92
554.01,0.1,-5.72,-10.92
554.51,0.1,-5.72,-10.93
555.01,0.1,-5.72,-10.93
555.51,0.1,-5.72,-10.93
556.01,0.1,-5.73,-10.94
556.51,0.1,-5.73,-10.94
557.01,0.1,-5.73,-10.94
557.51,0.1,-5.73,-10.95
558.01,0.1,-5.73,-10.95
558.51,0.1,-5.74,-10.95
559.01,0.1,-5.74,-10.95
559.51,0.1,-5.74,-10.96
560.01,0.1,-5.74,-10.96
560.51,0.1,-5.74,-10.96
561.01,0.1,-5.75,-10.97
561.51,0.1,-5.75,-10.97
562.01,0.1,-5.75,-10.97
562.51,0.1,-5.75,-10.98
563.01,0.1,-5.75,-10.98
563.51,0.09,-5.76,-10.98
564.01,0.09,-5.76,-10.98
564.51,0.09,-5.76,-10.99
565.01,0.09,-5.76,-10.99
565.51,0.09,-5.76,-10.99
566.01,0.09,-5.76,-11
566.51,0.09,-5.77,-11
567.01,0.09,-5.77,-11
567.51,0.09,-5.77,-11.01
568.01,0.09,-5.77,-11.01
568.51,0.09,-5.77,-11.01
569.01,0.09,-5.78,-11.01
569.51,0.09,-5.78,-11.02
570.01,0.09,-5.78,-11.02
570.51,0.09,-5.78,-11.02
571.01,0.09,-5.78,-11.03
571.51,0.09,-5.79,-11.03
572.01,0.09,-5.79,-11.03
572.51,0.09,-5.79,-11.03
573.01,0.09,-5.79,-11.04
573.51,0.09,-5.79,-11.04
574.01,0.09,-5.79,-11.04
574.51,0.09,-5.8,-11.05
575.01,0.09,-5.8,-11.05
575.51,0.09,-5.8,-11.05
576.01,0.09,-5.8,-11.05
576.51,0.09,-5.8,-11.06
577.01,0.09,-5.81,-11.06
577.51,0.09,-5.81,-11.06
578.01,0.09,-5.81,-11.07
578.51,0.09,-5.81,-11.07
579.01,0.09,-5.81,-11.07
579.51,0.09,-5.81,-11.07
580.01,0.09,-5.82,-11.08
580.51,0.09,-5.82,-11.08
581.01,0.09,-5.82,-11.08
581.51,0.09,-5.82,-11.08
582.01,0.08,-5.82,-11.09
582.51,0.08,-5.82,-11.09
583.01,0.08,-5.83,-11.09
583.51,0.08,-5.83,-11.1
584.01,0.08,-5.83,-11.1
584.51,0.08,-5.83,-11.1
585.01,0.08,-5.83,-11.1
585.51,0.08,-5.84,-11.11
586.01,0.08,-5.84,-11.11
586.51,0.08,-5.84,-11.11
587.01,0.08,-5.84,-11.11
587.51,0.08,-5.84,-11.12
588.01,0.08,-5.84,-11.12
588.51,0.08,-5.85,-11.12
589.01,0.08,-5.85,-11.13
589.51,0.08,-5.85,-11.13
590.01,0.08,-5.85,-11.13
590.51,0.08,-5.85,-11.13
591.01,0.08,-5.85,-11.14
591.51,0.08,-5.86,-11.14
592.01,0.08,-5.86,-11.14
592.51,0.08,-5.86,-11.14
593.01,0.08,-5.86,-11.15
593.51,0.08,-5.86,-11.15
594.01,0.08,-5.86,-11.15
594.51,0.08,-5.87,-11.15
595.01,0.08,-5.87,-11.16
595.51,0.08,-5.87,-11.16
596.01,0.08,-5.87,-11.16
596.51,0.08,-5.87,-11.16
597.01,0.08,-5.87,-11.17
597.51,0.08,-5.88,-11.17
598.01,0.08,-5.88,-11.17
598.51,0.08,-5.88,-11.18
599.01,0.08,-5.88,-11.18
599.51,0.08,-5.88,-11.18
600.01,0.08,-5.88,-11.18
600.51,0.08,-5.89,-11.19
601.01,0.08,-5.89,-11.19
601.51,0.08,-5.89,-11.19
602.01,0.08,-5.89,-11.19
602.51,0.08,-5.89,-11.2
603.01,0.08,-5.89,-11.2
603.51,0.08,-5.9,-11.2
604.01,0.08,-5.9,-11.2
604.51,0.07,-5.9,-11.21
605.01,0.07,-5.9,-11.21
605.51,0.07,-5.9,-11.21
606.01,0.07,-5.9,-11.21
606.51,0.07,-5.9,-11.22
607.01,0.07,-5.91,-11.22
607.51,0.07,-5.91,-11.22
608.01,0.07,-5.91,-11.22
608.51,0.07,-5.91,-11.23
609.01,0.07,-5.91,-11.23
609.51,0.07,-5.91,-11.23
610.01,0.07,-5.92,-11.23
610.51,0.07,-5.92,-11.23
611.01,0.07,-5.92,-11.24
611.51,0.07,-5.92,-11.24
612.01,0.07,-5.92,-11.24
612.51,0.07,-5.92,-11.24
613.01,0.07,-5.92,-11.25
613.51,0.07,-5.93,-11.25
614.01,0.07,-5.93,-11.25
614.51,0.07,-5.93,-11.25
615.01,0.07,-5.93,-11.26
615.51,0.07,-5.93,-11.26
616.01,0.07,-5.93,-11.26
616.51,0.07,-5.94,-11.26
617.01,0.07,-5.94,-11.27
617.51,0.07,-5.94,-11.27
618.01,0.07,-5.94,-11.27
618.51,0.07,-5.94,-11.27
619.01,0.07,-5.94,-11.28
619.51,0.07,-5.94,-11.28
620.01,0.07,-5.95,-11.28
620.51,0.07,-5.95,-11.28
621.01,0.07,-5.95,-11.28
621.51,0.07,-5.95,-11.29
622.01,0.07,-5.95,-11.29
622.51,0.07,-5.95,-11.29
623.01,0.07,-5.95,-11.29
623.51,0.07,-5.96,-11.3
624.01,0.07,-5.96,-11.3
624.51,0.07,-5.96,-11.3
625.01,0.07,-5.96,-11.3
625.51,0.07,-5.96,-11.31
626.01,0.07,-5.96,-11.31
626.51,0.07,-5.96,-11.31
627.01,0.07,-5.97,-11.31
627.51,0.07,-5.97,-11.31
628.01,0.07,-5.97,-11.32
628.51,0.07,-5.97,-11.32
629.01,0.07,-5.97,-11.32
629.51,0.07,-5.97,-11.32
630.01,0.07,-5.97,-11.33
630.51,0.07,-5.98,-11.33
631.01,0.07,-5.98,-11.33
631.51,0.07,-5.98,-11.33
632.01,0.07,-5.98,-11.33
632.51,0.07,-5.98,-11.34
633.01,0.07,-5.98,-11.34
633.51,0.06,-5.98,-11.34
634.01,0.06,-5.99,-11.34
634.51,0.06,-5.99,-11.35
635.01,0.06,-5.99,-11.35
635.51,0.06,-5.99,-11.35
636.01,0.06,-5.99,-11.35
636.51,0.06,-5.99,-11.35
637.01,0.06,-5.99,-11.36
637.51,0.06,-6,-11.36
638.01,0.06,-6,-11.36
638.51,0.06,-6,-11.36
639.01,0.06,-6,-11.37
639.51,0.06,-6,-11.37
640.01,0.06,-6,-11.37
640.51,0.06,-6,-11.37
641.01,0.06,-6.01,-11.37
641.51,0.06,-6.01,-11.38
642.01,0.06,-6.01,-11.38
642.51,0.06,-6.01,-11.38
643.01,0.06,-6.01,-11.38
643.51,0.06,-6.01,-11.38
644.01,0.06,-6.01,-11.39
644.51,0.06,-6.01,-11.39
645.01,0.06,-6.02,-11.39
645.51,0.06,-6.02,-11.39
646.01,0.06,-6.02,-11.39
646.51,0.06,-6.02,-11.4
647.01,0.06,-6.02,-11.4
647.51,0.06,-6.02,-11.4
648.01,0.06,-6.02,-11.4
648.51,0.06,-6.03,-11.41
649.01,0.06,-6.03,-11.41
649.51,0.06,-6.03,-11.41
650.01,0.06,-6.03,-11.41
650.51,0.06,-6.03,-11.41
651.01,0.06,-6.03,-11.42
651.51,0.06,-6.03,-11.42
652.01,0.06,-6.03,-11.42
652.51,0.06,-6.04,-11.42
653.01,0.06,-6.04,-11.42
653.51,0.06,-6.04,-11.43
654.01,0.06,-6.04,-11.43
654.51,0.06,-6.04,-11.43
655.01,0.06,-6.04,-11.43
655.51,0.06,-6.04,-11.43
656.01,0.06,-6.04,-11.44
656.51,0.06,-6.05,-11.44
657.01,0.06,-6.05,-11.44
657.51,0.06,-6.05,-11.44
658.01,0.06,-6.05,-11.44
658.51,0.06,-6.05,-11.45
659.01,0.06,-6.05,-11.45
659.51,0.06,-6.05,-11.45
660.01,0.06,-6.05,-11.45
660.51,0.06,-6.06,-11.45
661.01,0.06,-6.06,-11.46
661.51,0.06,-6.06,-11.46
662.01,0.06,-6.06,-11.46
662.51,0.06,-6.06,-11.46
663.01,0.06,-6.06,-11.46
663.51,0.06,-6.06,-11.47
664.01,0.06,-6.06,-11.47
664.51,0.06,-6.07,-11.47
665.01,0.06,-6.07,-11.47
665.51,0.06,-6.07,-11.47
666.01,0.06,-6.07,-11.48
666.51,0.06,-6.07,-11.48
667.01,0.06,-6.07,-11.48
667.51,0.06,-6.07,-11.48
668.01,0.06,-6.07,-11.48
668.51,0.06,-6.08,-11.48
669.01,0.06,-6.08,-11.49
669.51,0.06,-6.08,-11.49
670.01,0.06,-6.08,-11.49
670.51,0.06,-6.08,-11.49
671.01,0.06,-6.08,-11.49
671.51,0.06,-6.08,-11.5
672.01,0.06,-6.08,-11.5
672.51,0.05,-6.08,-11.5
673.01,0.05,-6.09,-11.5
673.51,0.05,-6.09,-11.5
674.01,0.05,-6.09,-11.51
674.51,0.05,-6.09,-11.51
675.01,0.05,-6.09,-11.51
675.51,0.05,-6.09,-11.51
676.01,0.05,-6.09,-11.51
676.51,0.05,-6.09,-11.51
677.01,0.05,-6.1,-11.52
677.51,0.05,-6.1,-11.52
678.01,0.05,-6.1,-11.52
678.51,0.05,-6.1,-11.52
679.01,0.05,-6.1,-11.52
679.51,0.05,-6.1,-11.53
680.01,0.05,-6.1,-11.53
680.51,0.05,-6.1,-11.53
681.01,0.05,-6.1,-11.53
681.51,0.05,-6.11,-11.53
682.01,0.05,-6.11,-11.53
682.51,0.05,-6.11,-11.54
683.01,0.05,-6.11,-11.54
683.51,0.05,-6.11,-11.54
684.01,0.05,-6.11,-11.54
684.51,0.05,-6.11,-11.54
685.01,0.05,-6.11,-11.55
685.51,0.05,-6.11,-11.55
686.01,0.05,-6.12,-11.55
686.51,0.05,-6.12,-11.55
687.01,0.05,-6.12,-11.55
687.51,0.05,-6.12,-11.55
688.01,0.05,-6.12,-11.56
688.51,0.05,-6.12,-11.56
689.01,0.05,-6.12,-11.56
689.51,0.05,-6.12,-11.56
690.01,0.05,-6.12,-11.56
690.51,0.05,-6.13,-11.56
691.01,0.05,-6.13,-11.57
691.51,0.05,-6.13,-11.57
692.01,0.05,-6.13,-11.57
692.51,0.05,-6.13,-11.57
693.01,0.05,-6.13,-11.57
693.51,0.05,-6.13,-11.58
694.01,0.05,-6.13,-11.58
694.51,0.05,-6.13,-11.58
695.01,0.05,-6.14,-11.58
695.51,0.05,-6.14,-11.58
696.01,0.05,-6.14,-11.58
696.51,0.05,-6.14,-11.59
697.01,0.05,-6.14,-11.59
697.51,0.05,-6.14,-11.59
698.01,0.05,-6.14,-11.59
698.51,0.05,-6.14,-11.59
699.01,0.05,-6.14,-11.59
699.51,0.05,-6.15,-11.6
700.01,0.05,-6.15,-11.6
700.51,0.05,-6.15,-11.6
701.01,0.05,-6.15,-11.6
701.51,0.05,-6.15,-11.6
702.01,0.05,-6.15,-11.6
702.51,0.05,-6.15,-11.61
703.01,0.05,-6.15,-11.61
703.51,0.05,-6.15,-11.61
704.01,0.05,-6.15,-11.61
704.51,0.05,-6.16,-11.61
705.01,0.05,-6.16,-11.61
705.51,0.05,-6.16,-11.62
706.01,0.05,-6.16,-11.62
706.51,0.05,-6.16,-11.62
707.01,0.05,-6.16,-11.62
707.51,0.05,-6.16,-11.62
708.01,0.05,-6.16,-11.62
708.51,0.05,-6.16,-11.63
709.01,0.05,-6.16,-11.63
709.51,0.05,-6.17,-11.63
710.01,0.05,-6.17,-11.63
710.51,0.05,-6.17,-11.63
711.01,0.05,-6.17,-11.63
711.51,0.05,-6.17,-11.63
712.01,0.05,-6.17,-11.64
712.51,0.05,-6.17,-11.64
713.01,0.05,-6.17,-11.64
713.51,0.05,-6.17,-11.64
714.01,0.05,-6.17,-11.64
714.51,0.05,-6.18,-11.64
715.01,0.05,-6.18,-11.65
715.51,0.05,-6.18,-11.65
716.01,0.05,-6.18,-11.65
716.51,0.05,-6.18,-11.65
717.01,0.05,-6.18,-11.65
717.51,0.05,-6.18,-11.65
718.01,0.05,-6.18,-11.66
718.51,0.05,-6.18,-11.66
719.01,0.05,-6.18,-11.66
719.51,0.05,-6.19,-11.66
720.01,0.05,-6.19,-11.66
720.51,0.05,-6.19,-11.66
721.01,0.05,-6.19,-11.66
721.51,0.05,-6.19,-11.67
722.01,0.05,-6.19,-11.67
722.51,0.05,-6.19,-11.67
723.01,0.05,-6.19,-11.67
723.51,0.05,-6.19,-11.67
724.01,0.05,-6.19,-11.67
724.51,0.05,-6.2,-11.68
725.01,0.05,-6.2,-11.68
725.51,0.05,-6.2,-11.68
726.01,0.05,-6.2,-11.68
726.51,0.05,-6.2,-11.68
727.01,0.05,-6.2,-11.68
727.51,0.05,-6.2,-11.68
728.01,0.05,-6.2,-11.69
728.51,0.05,-6.2,-11.69
729.01,0.05,-6.2,-11.69
729.51,0.05,-6.2,-11.69
730.01,0.05,-6.21,-11.69
730.51,0.05,-6.21,-11.69
731.01,0.05,-6.21,-11.69
731.51,0.04,-6.21,-11.7
732.01,0.04,-6.21,-11.7
732.51,0.04,-6.21,-11.7
733.01,0.04,-6.21,-11.7
733.51,0.04,-6.21,-11.7
734.01,0.04,-6.21,-11.7
734.51,0.04,-6.21,-11.71
735.01,0.04,-6.21,-11.71
735.51,0.04,-6.22,-11.71
736.01,0.04,-6.22,-11.71
736.51,0.04,-6.22,-11.71
737.01,0.04,-6.22,-11.71
737.51,0.04,-6.22,-11.71
738.01,0.04,-6.22,-11.72
738.51,0.04,-6.22,-11.72
739.01,0.04,-6.22,-11.72
739.51,0.04,-6.22,-11.72
740.01,0.04,-6.22,-11.72
740.51,0.04,-6.22,-11.72
741.01,0.04,-6.23,-11.72
741.51,0.04,-6.23,-11.73
742.01,0.04,-6.23,-11.73
742.51,0.04,-6.23,-11.73
743.01,0.04,-6.23,-11.73
743.51,0.04,-6.23,-11.73
744.01,0.04,-6.23,-11.73
744.51,0.04,-6.23,-11.73
745.01,0.04,-6.23,-11.74
745.51,0.04,-6.23,-11.74
746.01,0.04,-6.23,-11.74
746.51,0.04,-6.24,-11.74
747.01,0.04,-6.24,-11.74
747.51,0.04,-6.24,-11.74
748.01,0.04,-6.24,-11.74
748.51,0.04,-6.24,-11.75
749.01,0.04,-6.24,-11.75
749.51,0.04,-6.24,-11.75
750.01,0.04,-6.24,-11.75
750.51,0.04,-6.24,-11.75
751.01,0.04,-6.24,-11.75
751.51,0.04,-6.24,-11.75
752.01,0.04,-6.24,-11.75
752.51,0.04,-6.25,-11.76
753.01,0.04,-6.25,-11.76
753.51,0.04,-6.25,-11.76
754.01,0.04,-6.25,-11.76
754.51,0.04,-6.25,-11.76
755.01,0.04,-6.25,-11.76
755.51,0.04,-6.25,-11.76
756.01,0.04,-6.25,-11.77
756.51,0.04,-6.25,-11.77
757.01,0.04,-6.25,-11.77
757.51,0.04,-6.25,-11.77
758.01,0.04,-6.26,-11.77
758.51,0.04,-6.26,-11.77
759.01,0.04,-6.26,-11.77
759.51,0.04,-6.26,-11.77
760.01,0.04,-6.26,-11.78
760.51,0.04,-6.26,-11.78
761.01,0.04,-6.26,-11.78
761.51,0.04,-6.26,-11.78
762.01,0.04,-6.26,-11.78
762.51,0.04,-6.26,-11.78
763.01,0.04,-6.26,-11.78
763.51,0.04,-6.26,-11.79
764.01,0.04,-6.26,-11.79
764.51,0.04,-6.27,-11.79
765.01,0.04,-6.27,-11.79
765.51,0.04,-6.27,-11.79
766.01,0.04,-6.27,-11.79
766.51,0.04,-6.27,-11.79
767.01,0.04,-6.27,-11.79
767.51,0.04,-6.27,-11.8
768.01,0.04,-6.27,-11.8
768.51,0.04,-6.27,-11.8
769.01,0.04,-6.27,-11.8
769.51,0.04,-6.27,-11.8
770.01,0.04,-6.27,-11.8
770.51,0.04,-6.28,-11.8
771.01,0.04,-6.28,-11.8
771.51,0.04,-6.28,-11.81
772.01,0.04,-6.28,-11.81
772.51,0.04,-6.28,-11.81
773.01,0.04,-6.28,-11.81
773.51,0.04,-6.28,-11.81
774.01,0.04,-6.28,-11.81
774.51,0.04,-6.28,-11.81
775.01,0.04,-6.28,-11.81
775.51,0.04,-6.28,-11.82
776.01,0.04,-6.28,-11.82
776.51,0.04,-6.28,-11.82
777.01,0.04,-6.29,-11.82
777.51,0.04,-6.29,-11.82
778.01,0.04,-6.29,-11.82
778.51,0.04,-6.29,-11.82
779.01,0.04,-6.29,-11.82
779.51,0.04,-6.29,-11.83
780.01,0.04,-6.29,-11.83
780.51,0.04,-6.29,-11.83
781.01,0.04,-6.29,-11.83
781.51,0.04,-6.29,-11.83
782.01,0.04,-6.29,-11.83
782.51,0.04,-6.29,-11.83
783.01,0.04,-6.29,-11.83
783.51,0.04,-6.3,-11.84
784.01,0.04,-6.3,-11.84
784.51,0.04,-6.3,-11.84
785.01,0.04,-6.3,-11.84
785.51,0.04,-6.3,-11.84
786.01,0.04,-6.3,-11.84
786.51,0.04,-6.3,-11.84
787.01,0.04,-6.3,-11.84
787.51,0.04,-6.3,-11.85
788.01,0.04,-6.3,-11.85
788.51,0.04,-6.3,-11.85
789.01,0.04,-6.3,-11.85
789.51,0.04,-6.3,-11.85
790.01,0.04,-6.31,-11.85
790.51,0.04,-6.31,-11.85
791.01,0.04,-6.31,-11.85
791.51,0.04,-6.31,-11.86
792.01,0.04,-6.31,-11.86
792.51,0.04,-6.31,-11.86
793.01,0.04,-6.31,-11.86
793.51,0.04,-6.31,-11.86
794.01,0.04,-6.31,-11.86
794.51,0.04,-6.31,-11.86
795.01,0.04,-6.31,-11.86
795.51,0.04,-6.31,-11.86
796.01,0.04,-6.31,-11.87
796.51,0.04,-6.31,-11.87
797.01,0.04,-6.32,-11.87
797.51,0.04,-6.32,-11.87
798.01,0.04,-6.32,-11.87
798.51,0.04,-6.32,-11.87
799.01,0.04,-6.32,-11.87
799.51,0.04,-6.32,-11.87
800.01,0.04,-6.32,-11.87
800.51,0.04,-6.32,-11.88
801.01,0.04,-6.32,-11.88
801.51,0.04,-6.32,-11.88
802.01,0.04,-6.32,-11.88
802.51,0.04,-6.32,-11.88
803.01,0.04,-6.32,-11.88
803.51,0.04,-6.32,-11.88
804.01,0.04,-6.33,-11.88
804.51,0.04,-6.33,-11.88
805.01,0.04,-6.33,-11.89
805.51,0.04,-6.33,-11.89
806.01,0.04,-6.33,-11.89
806.51,0.04,-6.33,-11.89
807.01,0.04,-6.33,-11.89
807.51,0.04,-6.33,-11.89
808.01,0.04,-6.33,-11.89
808.51,0.04,-6.33,-11.89
809.01,0.04,-6.33,-11.89
809.51,0.04,-6.33,-11.9
810.01,0.04,-6.33,-11.9
810.51,0.04,-6.33,-11.9
811.01,0.04,-6.34,-11.9
811.51,0.04,-6.34,-11.9
812.01,0.04,-6.34,-11.9
812.51,0.04,-6.34,-11.9
813.01,0.04,-6.34,-11.9
813.51,0.04,-6.34,-11.9
814.01,0.04,-6.34,-11.91
814.51,0.04,-6.34,-11.91
815.01,0.04,-6.34,-11.91
815.51,0.04,-6.34,-11.91
816.01,0.04,-6.34,-11.91
816.51,0.04,-6.34,-11.91
817.01,0.04,-6.34,-11.91
817.51,0.04,-6.34,-11.91
818.01,0.04,-6.34,-11.91
818.51,0.04,-6.35,-11.92
819.01,0.04,-6.35,-11.92
819.51,0.04,-6.35,-11.92
820.01,0.04,-6.35,-11.92
820.51,0.04,-6.35,-11.92
821.01,0.04,-6.35,-11.92
821.51,0.04,-6.35,-11.92
822.01,0.04,-6.35,-11.92
822.51,0.04,-6.35,-11.92
823.01,0.04,-6.35,-11.93
823.51,0.04,-6.35,-11.93
824.01,0.04,-6.35,-11.93
824.51,0.04,-6.35,-11.93
825.01,0.04,-6.35,-11.93
825.51,0.04,-6.35,-11.93
826.01,0.04,-6.35,-11.93
826.51,0.04,-6.36,-11.93
827.01,0.04,-6.36,-11.93
827.51,0.04,-6.36,-11.93
828.01,0.04,-6.36,-11.94
828.51,0.04,-6.36,-11.94
829.01,0.04,-6.36,-11.94
829.51,0.04,-6.36,-11.94
830.01,0.04,-6.36,-11.94
830.51,0.04,-6.36,-11.94
831.01,0.04,-6.36,-11.94
831.51,0.04,-6.36,-11.94
832.01,0.04,-6.36,-11.94
832.51,0.04,-6.36,-11.94
833.01,0.04,-6.36,-11.95
833.51,0.04,-6.36,-11.95
834.01,0.04,-6.37,-11.95
834.51,0.04,-6.37,-11.95
835.01,0.04,-6.37,-11.95
835.51,0.04,-6.37,-11.95
836.01,0.04,-6.37,-11.95
836.51,0.04,-6.37,-11.95
837.01,0.04,-6.37,-11.95
837.51,0.04,-6.37,-11.95
838.01,0.04,-6.37,-11.96
838.51,0.04,-6.37,-11.96
839.01,0.04,-6.37,-11.96
839.51,0.04,-6.37,-11.96
840.01,0.04,-6.37,-11.96
840.51,0.04,-6.37,-11.96
841.01,0.04,-6.37,-11.96
841.51,0.04,-6.37,-11.96
842.01,0.04,-6.37,-11.96
842.51,0.04,-6.38,-11.96
843.01,0.04,-6.38,-11.97
843.51,0.04,-6.38,-11.97
844.01,0.03,-6.38,-11.97
844.51,0.03,-6.38,-11.97
845.01,0.03,-6.38,-11.97
845.51,0.03,-6.38,-11.97
846.01,0.03,-6.38,-11.97
846.51,0.03,-6.38,-11.97
847.01,0.03,-6.38,-11.97
847.51,0.03,-6.38,-11.97
848.01,0.03,-6.38,-11.98
848.51,0.03,-6.38,-11.98
849.01,0.03,-6.38,-11.98
849.51,0.03,-6.38,-11.98
850.01,0.03,-6.38,-11.98
850.51,0.03,-6.39,-11.98
851.01,0.03,-6.39,-11.98
851.51,0.03,-6.39,-11.98
852.01,0.03,-6.39,-11.98
852.51,0.03,-6.39,-11.98
853.01,0.03,-6.39,-11.98
853.51,0.03,-6.39,-11.99
854.01,0.03,-6.39,-11.99
854.51,0.03,-6.39,-11.99
855.01,0.03,-6.39,-11.99
855.51,0.03,-6.39,-11.99
856.01,0.03,-6.39,-11.99
856.51,0.03,-6.39,-11.99
857.01,0.03,-6.39,-11.99
857.51,0.03,-6.39,-11.99
858.01,0.03,-6.39,-11.99
858.51,0.03,-6.39,-11.99
859.01,0.03,-6.39,-12
859.51,0.03,-6.4,-12
860.01,0.03,-6.4,-12
860.51,0.03,-6.4,-12
861.01,0.03,-6.4,-12
861.51,0.03,-6.4,-12
862.01,0.03,-6.4,-12
862.51,0.03,-6.4,-12
863.01,0.03,-6.4,-12
863.51,0.03,-6.4,-12
864.01,0.03,-6.4,-12
864.51,0.03,-6.4,-12.01
865.01,0.03,-6.4,-12.01
865.51,0.03,-6.4,-12.01
866.01,0.03,-6.4,-12.01
866.51,0.03,-6.4,-12.01
867.01,0.03,-6.4,-12.01
867.51,0.03,-6.4,-12.01
868.01,0.03,-6.41,-12.01
868.51,0.03,-6.41,-12.01
869.01,0.03,-6.41,-12.01
869.51,0.03,-6.41,-12.01
870.01,0.03,-6.41,-12.02
870.51,0.03,-6.41,-12.02
871.01,0.03,-6.41,-12.02
871.51,0.03,-6.41,-12.02
872.01,0.03,-6.41,-12.02
872.51,0.03,-6.41,-12.02
873.01,0.03,-6.41,-12.02
873.51,0.03,-6.41,-12.02
874.01,0.03,-6.41,-12.02
874.51,0.03,-6.41,-12.02
875.01,0.03,-6.41,-12.02
875.51,0.03,-6.41,-12.03
876.01,0.03,-6.41,-12.03
876.51,0.03,-6.41,-12.03
877.01,0.03,-6.41,-12.03
877.51,0.03,-6.42,-12.03
878.01,0.03,-6.42,-12.03
878.51,0.03,-6.42,-12.03
879.01,0.03,-6.42,-12.03
879.51,0.03,-6.42,-12.03
880.01,0.03,-6.42,-12.03
880.51,0.03,-6.42,-12.03
881.01,0.03,-6.42,-12.03
881.51,0.03,-6.42,-12.04
882.01,0.03,-6.42,-12.04
882.51,0.03,-6.42,-12.04
883.01,0.03,-6.42,-12.04
883.51,0.03,-6.42,-12.04
884.01,0.03,-6.42,-12.04
884.51,0.03,-6.42,-12.04
885.01,0.03,-6.42,-12.04
885.51,0.03,-6.42,-12.04
886.01,0.03,-6.42,-12.04
886.51,0.03,-6.42,-12.04
887.01,0.03,-6.43,-12.04
887.51,0.03,-6.43,-12.05
888.01,0.03,-6.43,-12.05
888.51,0.03,-6.43,-12.05
889.01,0.03,-6.43,-12.05
889.51,0.03,-6.43,-12.05
890.01,0.03,-6.43,-12.05
890.51,0.03,-6.43,-12.05
891.01,0.03,-6.43,-12.05
891.51,0.03,-6.43,-12.05
892.01,0.03,-6.43,-12.05
892.51,0.03,-6.43,-12.05
893.01,0.03,-6.43,-12.05
893.51,0.03,-6.43,-12.06
894.01,0.03,-6.43,-12.06
894.51,0.03,-6.43,-12.06
895.01,0.03,-6.43,-12.06
895.51,0.03,-6.43,-12.06
896.01,0.03,-6.43,-12.06
896.51,0.03,-6.43,-12.06
897.01,0.03,-6.44,-12.06
897.51,0.03,-6.44,-12.06
898.01,0.03,-6.44,-12.06
898.51,0.03,-6.44,-12.06
899.01,0.03,-6.44,-12.06
899.51,0.03,-6.44,-12.07
900.01,0.03,-6.44,-12.07
900.51,0.03,-6.44,-12.07
901.01,0.03,-6.44,-12.07
901.51,0.03,-6.44,-12.07
902.01,0.03,-6.44,-12.07
902.51,0.03,-6.44,-12.07
903.01,0.03,-6.44,-12.07
903.51,0.03,-6.44,-12.07
904.01,0.03,-6.44,-12.07
904.51,0.03,-6.44,-12.07
905.01,0.03,-6.44,-12.07
905.51,0.03,-6.44,-12.07
906.01,0.03,-6.44,-12.08
906.51,0.03,-6.44,-12.08
907.01,0.03,-6.45,-12.08
907.51,0.03,-6.45,-12.08
908.01,0.03,-6.45,-12.08
908.51,0.03,-6.45,-12.08
909.01,0.03,-6.45,-12.08
909.51,0.03,-6.45,-12.08
910.01,0.03,-6.45,-12.08
910.51,0.03,-6.45,-12.08
911.01,0.03,-6.45,-12.08
911.51,0.03,-6.45,-12.08
912.01,0.03,-6.45,-12.08
912.51,0.03,-6.45,-12.09
913.01,0.03,-6.45,-12.09
913.51,0.03,-6.45,-12.09
914.01,0.03,-6.45,-12.09
914.51,0.03,-6.45,-12.09
915.01,0.03,-6.45,-12.09
915.51,0.03,-6.45,-12.09
916.01,0.03,-6.45,-12.09
916.51,0.03,-6.45,-12.09
917.01,0.03,-6.45,-12.09
917.51,0.03,-6.46,-12.09
918.01,0.03,-6.46,-12.09
918.51,0.03,-6.46,-12.09
919.01,0.03,-6.46,-12.1
919.51,0.03,-6.46,-12.1
920.01,0.03,-6.46,-12.1
920.51,0.03,-6.46,-12.1
921.01,0.03,-6.46,-12.1
921.51,0.03,-6.46,-12.1
922.01,0.03,-6.46,-12.1
922.51,0.03,-6.46,-12.1
923.01,0.03,-6.46,-12.1
923.51,0.03,-6.46,-12.1
924.01,0.03,-6.46,-12.1
924.51,0.03,-6.46,-12.1
925.01,0.03,-6.46,-12.1
925.51,0.03,-6.46,-12.11
926.01,0.03,-6.46,-12.11
926.51,0.03,-6.46,-12.11
927.01,0.03,-6.46,-12.11
927.51,0.03,-6.46,-12.11
928.01,0.03,-6.46,-12.11
928.51,0.03,-6.47,-12.11
929.01,0.03,-6.47,-12.11
929.51,0.03,-6.47,-12.11
930.01,0.03,-6.47,-12.11
930.51,0.03,-6.47,-12.11
931.01,0.03,-6.47,-12.11
931.51,0.03,-6.47,-12.11
932.01,0.03,-6.47,-12.11
932.51,0.03,-6.47,-12.12
933.01,0.03,-6.47,-12.12
933.51,0.03,-6.47,-12.12
934.01,0.03,-6.47,-12.12
934.51,0.03,-6.47,-12.12
935.01,0.03,-6.47,-12.12
935.51,0.03,-6.47,-12.12
936.01,0.03,-6.47,-12.12
936.51,0.03,-6.47,-12.12
937.01,0.03,-6.47,-12.12
937.51,0.03,-6.47,-12.12
938.01,0.03,-6.47,-12.12
938.51,0.03,-6.47,-12.12
939.01,0.03,-6.47,-12.12
939.51,0.03,-6.47,-12.13
940.01,0.03,-6.48,-12.13
940.51,0.03,-6.48,-12.13
941.01,0.03,-6.48,-12.13
941.51,0.03,-6.48,-12.13
942.01,0.03,-6.48,-12.13
942.51,0.03,-6.48,-12.13
943.01,0.03,-6.48,-12.13
943.51,0.03,-6.48,-12.13
944.01,0.03,-6.48,-12.13
944.51,0.03,-6.48,-12.13
945.01,0.03,-6.48,-12.13
945.51,0.03,-6.48,-12.13
946.01,0.03,-6.48,-12.13
946.51,0.03,-6.48,-12.13
947.01,0.03,-6.48,-12.14
947.51,0.03,-6.48,-12.14
948.01,0.03,-6.48,-12.14
948.51,0.03,-6.48,-12.14
949.01,0.03,-6.48,-12.14
949.51,0.03,-6.48,-12.14
950.01,0.03,-6.48,-12.14
950.51,0.03,-6.48,-12.14
951.01,0.03,-6.48,-12.14
951.51,0.03,-6.48,-12.14
952.01,0.03,-6.49,-12.14
952.51,0.03,-6.49,-12.14
953.01,0.03,-6.49,-12.14
953.51,0.03,-6.49,-12.14
954.01,0.03,-6.49,-12.14
954.51,0.03,-6.49,-12.15
955.01,0.03,-6.49,-12.15
955.51,0.03,-6.49,-12.15
956.01,0.03,-6.49,-12.15
956.51,0.03,-6.49,-12.15
957.01,0.03,-6.49,-12.15
957.51,0.03,-6.49,-12.15
958.01,0.03,-6.49,-12.15
958.51,0.03,-6.49,-12.15
959.01,0.03,-6.49,-12.15
959.51,0.03,-6.49,-12.15
960.01,0.03,-6.49,-12.15
960.51,0.03,-6.49,-12.15
961.01,0.03,-6.49,-12.15
961.51,0.03,-6.49,-12.15
962.01,0.03,-6.49,-12.16
962.51,0.03,-6.49,-12.16
963.01,0.03,-6.49,-12.16
963.51,0.03,-6.49,-12.16
964.01,0.03,-6.49,-12.16
964.51,0.03,-6.5,-12.16
965.01,0.03,-6.5,-12.16
965.51,0.03,-6.5,-12.16
966.01,0.03,-6.5,-12.16
966.51,0.03,-6.5,-12.16
967.01,0.03,-6.5,-12.16
967.51,0.03,-6.5,-12.16
968.01,0.03,-6.5,-12.16
968.51,0.03,-6.5,-12.16
969.01,0.03,-6.5,-12.16
969.51,0.03,-6.5,-12.16
970.01,0.03,-6.5,-12.17
970.51,0.03,-6.5,-12.17
971.01,0.03,-6.5,-12.17
971.51,0.03,-6.5,-12.17
972.01,0.03,-6.5,-12.17
972.51,0.03,-6.5,-12.17
973.01,0.03,-6.5,-12.17
973.51,0.03,-6.5,-12.17
974.01,0.03,-6.5,-12.17
974.51,0.03,-6.5,-12.17
975.01,0.03,-6.5,-12.17
975.51,0.03,-6.5,-12.17
976.01,0.03,-6.5,-12.17
976.51,0.03,-6.5,-12.17
977.01,0.03,-6.51,-12.17
977.51,0.03,-6.51,-12.17
978.01,0.03,-6.51,-12.18
978.51,0.03,-6.51,-12.18
979.01,0.03,-6.51,-12.18
979.51,0.03,-6.51,-12.18
980.01,0.03,-6.51,-12.18
980.51,0.03,-6.51,-12.18
981.01,0.03,-6.51,-12.18
981.51,0.03,-6.51,-12.18
982.01,0.03,-6.51,-12.18
982.51,0.03,-6.51,-12.18
983.01,0.03,-6.51,-12.18
983.51,0.03,-6.51,-12.18
984.01,0.03,-6.51,-12.18
984.51,0.03,-6.51,-12.18
985.01,0.03,-6.51,-12.18
985.51,0.03,-6.51,-12.18
986.01,0.03,-6.51,-12.19
986.51,0.03,-6.51,-12.19
987.01,0.03,-6.51,-12.19
987.51,0.03,-6.51,-12.19
988.01,0.03,-6.51,-12.19
988.51,0.03,-6.51,-12.19
989.01,0.03,-6.51,-12.19
989.51,0.03,-6.51,-12.19
990.01,0.03,-6.51,-12.19
990.51,0.03,-6.52,-12.19
991.01,0.03,-6.52,-12.19
991.51,0.03,-6.52,-12.19
992.01,0.03,-6.52,-12.19
992.51,0.03,-6.52,-12.19
993.01,0.03,-6.52,-12.19
993.51,0.03,-6.52,-12.19
994.01,0.03,-6.52,-12.19
994.51,0.03,-6.52,-12.2
995.01,0.03,-6.52,-12.2
995.51,0.03,-6.52,-12.2
996.01,0.03,-6.52,-12.2
996.51,0.03,-6.52,-12.2
997.01,0.03,-6.52,-12.2
997.51,0.03,-6.52,-12.2
998.01,0.03,-6.52,-12.2
998.51,0.03,-6.52,-12.2
999.01,0.03,-6.52,-12.2
999.51,0.03,-6.52,-12.2
1000.01,0.03,-6.52,-12.2
