# "VAR1","VAR2","VAR3","VAR4","VAR5","VAR6","VAR7","VAR8","VAR9","VAR10","VAR11","VAR12","VAR13","VAR14","VAR15","VAR16","VAR17","VAR18","VAR19","VAR20","VAR21","VAR22","VAR23","VAR24","VAR25","VAR26","VAR27","VAR28","VAR29","VAR30","VAR31","VAR32","VAR33","VAR34"
0.0000100000000000655,0,-0.0360900000000002,-0.860199999999999,-0.0548099999999998,-2.7957,0.0177700000000001,-0.2151,-0.0360900000000002,-0.860199999999999,-0.0360900000000002,-0.860199999999999,0.0177700000000001,-0.2151,0.0177700000000001,-0.2151,-0.0360900000000002,-0.860199999999999,-0.0548099999999998,-2.7957,-0.0360900000000002,-0.860199999999999,-0.0270600000000001,-0.645199999999999,-0.0540400000000001,-1.0753,-0.0539399999999999,-0.860199999999999,-0.0543300000000002,-1.7204,-0.0543300000000002,-1.7204,-0.0548099999999998,-2.7957
0.03592,0.4301,0.0177700000000001,-0.2151,-0.04521,-1.2903,0.0450400000000002,0.860200000000003,0.0177700000000001,-0.2151,0.0177700000000001,-0.2151,0.0450400000000002,0.860200000000003,0.0450400000000002,0.860200000000003,0.0177700000000001,-0.2151,-0.0453999999999999,-1.7204,0.0177700000000001,-0.2151,0.0266099999999998,-0.4301,-0.02725,-1.0753,-0.01823,-0.860199999999999,-0.00967999999999991,-1.7204,-0.0188000000000002,-2.1505,-0.0103599999999999,-3.2258
0.0452300000000001,1.2903,0.0450400000000002,0.860200000000003,-0.0360900000000002,-0.860199999999999,0.04542,1.7204,0.0450400000000002,0.860200000000003,0.0450400000000002,0.860200000000003,0.0453299999999999,1.5054,0.0452300000000001,1.2903,0.0450400000000002,0.860200000000003,0.0177700000000001,-0.2151,0.0450400000000002,0.860200000000003,0.0625100000000001,0,-0.00046999999999997,-1.0753,0.0506099999999998,-6.6667,0.0349599999999999,-1.7204,0.00797999999999988,-2.1505,0.0343800000000001,-3.0107
0.04542,1.7204,0.04542,1.7204,0.0177700000000001,-0.2151,0.04562,2.1505,0.04542,1.7204,0.04542,1.7204,0.0455199999999998,1.9355,0.04542,1.7204,0.0452300000000001,1.2903,0.0450400000000002,0.860200000000003,0.04542,1.7204,0.0802700000000001,-0.2151,0.0263200000000001,-1.0753,0.05186,-3.871,0.0508000000000002,-6.2366,0.0348600000000001,-1.9355,0.0379399999999999,-35.05376
0.04562,2.1505,0.04562,2.1505,0.0450400000000002,0.860200000000003,0.0458099999999999,2.5806,0.04562,2.1505,0.04562,2.1505,0.0458099999999999,2.5806,0.04562,2.1505,0.04542,1.7204,0.0453299999999999,1.5054,0.04562,2.1505,0.0891999999999999,-0.2151,0.0441799999999999,-1.0753,0.0528200000000001,-1.7204,0.0561799999999999,-14.1935,0.0431200000000001,-23.44086,0.06501,-34.4086
0.0458099999999999,2.5806,0.0458099999999999,2.5806,0.04542,1.7204,0.0461,3.2258,0.0458099999999999,2.5806,0.0458099999999999,2.5806,0.0461,3.2258,0.0458099999999999,2.5806,0.04562,2.1505,0.0455199999999998,1.9355,0.0458099999999999,2.5806,0.10706,-0.2151,0.0607799999999998,-3.871,0.0764300000000002,-8.8172,0.0829599999999999,-14.1935,0.0703900000000002,-22.36559,0.0651099999999998,-34.19355
0.0461,3.2258,0.0461,3.2258,0.04562,2.1505,0.0465800000000001,4.3011,0.0461,3.2258,0.0461,3.2258,0.0465800000000001,4.3011,0.0461,3.2258,0.0458099999999999,2.5806,0.0458099999999999,2.5806,0.0459999999999998,3.0108,0.14277,-0.2151,0.10533,-4.086,0.0943900000000002,-8.6021,0.10082,-14.1935,0.09727,-22.15053,0.09199,-33.97849
0.0465800000000001,4.3011,0.0465800000000001,4.3011,0.0458099999999999,2.5806,0.0473400000000002,6.0215,0.0465800000000001,4.3011,0.0465800000000001,4.3011,0.0473400000000002,6.0215,0.0465800000000001,4.3011,0.0461,3.2258,0.0461,3.2258,0.07307,3.6559,0.19635,-0.2151,0.14105,-4.086,0.1301,-8.6021,0.11868,-14.1935,0.13308,-21.93548,0.10994,-33.76344
0.0473400000000002,6.0215,0.0473400000000002,6.0215,0.0461,3.2258,0.0482100000000001,7.957,0.0473400000000002,6.0215,0.0473400000000002,6.0215,0.0482100000000001,7.957,0.0473400000000002,6.0215,0.0465800000000001,4.3011,0.0465800000000001,4.3011,0.0998600000000001,3.6559,0.24099,-0.2151,0.17686,-3.871,0.17465,-8.8172,0.15439,-14.1935,0.18674,-21.72043,0.11887,-33.76344
0.04955,10.9677,0.0482100000000001,7.957,0.0465800000000001,4.3011,0.0486900000000001,9.0323,0.0482100000000001,7.957,0.0482100000000001,7.957,0.0486900000000001,9.0323,0.0482100000000001,7.957,0.0470600000000001,5.3763,0.0474399999999999,6.2366,0.12665,3.6559,0.29456,-0.2151,0.20364,-3.871,0.22832,-8.6021,0.19913,-13.9785,0.24032,-21.72043,0.18166,-33.11828
0.0503200000000001,12.6882,0.0486900000000001,9.0323,0.0473400000000002,6.0215,0.0494599999999998,10.7527,0.0486900000000001,9.0323,0.0486900000000001,9.0323,0.0494599999999998,10.7527,0.0486900000000001,9.0323,0.0474399999999999,6.2366,0.1014,7.0968,0.18012,3.4409,0.36608,0,0.26614,-3.871,0.29994,-8.172,0.24387,-13.7634,0.30291,-21.5054,0.21747,-32.90322
0.0526200000000001,17.8495,0.0494599999999998,10.7527,0.0482100000000001,7.957,0.0502199999999999,12.4731,0.0494599999999998,10.7527,0.0494599999999998,10.7527,0.0502199999999999,12.4731,0.0494599999999998,10.7527,0.0482999999999998,8.172,0.15487,6.8817,0.24262,3.4409,0.42849,-0.2151,0.32855,-4.086,0.37136,-8.172,0.28851,-13.7634,0.34765,-21.2903,0.24435,-32.68817
0.0533000000000001,19.3548,0.0502199999999999,12.4731,0.0486900000000001,9.0323,0.0509900000000001,14.1936,0.0502199999999999,12.4731,0.0502199999999999,12.4731,0.0510899999999999,14.4086,0.0498400000000001,11.6129,0.10274,10.1075,0.19059,6.8817,0.28726,3.4409,0.47313,-0.2151,0.37328,-3.871,0.42484,-8.3871,0.35101,-13.7634,0.37453,-21.0753,0.28006,-32.68817
0.05368,20.2151,0.0509900000000001,14.1936,0.0494599999999998,10.7527,0.0517599999999998,15.914,0.0509900000000001,14.1936,0.0509900000000001,14.1936,0.0514700000000001,15.2688,0.10428,13.5484,0.1206,10.1075,0.20844,6.8817,0.34976,3.4409,0.50885,-0.2151,0.44471,-3.871,0.46055,-8.3871,0.40468,-13.5484,0.40132,-21.0753,0.31578,-32.68817
0.0544500000000001,21.9355,0.0517599999999998,15.914,0.0502199999999999,12.4731,0.0526200000000001,17.8495,0.0517599999999998,15.914,0.0517599999999998,15.914,0.0879500000000002,16.9893,0.12213,13.5484,0.13845,10.1075,0.25309,6.8817,0.40333,3.4409,0.56242,-0.2151,0.50721,-3.871,0.49627,-8.3871,0.4762,-13.3333,0.46382,-21.0753,0.36042,-32.68817
0.0568499999999998,27.3118,0.0526200000000001,17.8495,0.0509900000000001,14.1936,0.0533000000000001,19.3548,0.0526200000000001,17.8495,0.0526200000000001,17.8495,0.10591,17.2043,0.13106,13.5484,0.17417,10.1075,0.29763,6.6667,0.44798,3.4409,0.61608,0,0.57864,-3.871,0.56779,-8.172,0.54763,-13.3333,0.53534,-20.8602,0.43204,-32.258061
0.05714,7.957,0.0533000000000001,19.3548,0.0517599999999998,15.914,0.05368,20.2151,0.0533000000000001,19.3548,0.0533000000000001,19.3548,0.15948,17.2043,0.15785,13.5484,0.22774,10.1075,0.33335,6.6667,0.50155,3.4409,0.66966,0,0.62328,-3.871,0.62136,-8.172,0.61023,-13.1183,0.58901,-20.6452,0.46785,-32.043008
0.05762,29.0323,0.05368,20.2151,0.0526200000000001,17.8495,0.0544500000000001,21.9355,0.05368,20.2151,0.0627,20.4301,0.21315,17.4194,0.22035,13.5484,0.29024,10.1075,0.39594,6.8817,0.55512,3.4409,0.73206,-0.2151,0.67686,-3.871,0.67494,-8.172,0.6638,-13.1183,0.62472,-20.6452,0.51269,-31.6129
0.05762,9.0323,0.0544500000000001,21.9355,0.0533000000000001,19.3548,0.05531,23.871,0.0545399999999998,22.1505,0.0898699999999999,21.2903,0.26681,17.6344,0.29187,13.7634,0.33488,10.1075,0.45854,7.0968,0.61762,3.4409,0.7767,-0.2151,0.73936,-3.871,0.73753,-7.957,0.73523,-13.1183,0.66937,-20.6452,0.52161,-31.6129
0.0581900000000002,30.3226,0.05531,23.871,0.05368,20.2151,0.0559799999999999,25.3763,0.0552199999999998,23.6559,0.15247,21.5054,0.32931,17.6344,0.35447,13.9785,0.40631,10.1075,0.50318,7.0968,0.68012,3.4409,0.81242,-0.2151,0.784,-3.871,0.7911,-7.957,0.7888,-13.1183,0.72304,-20.4301,0.56626,-31.6129
0.05877,31.6129,0.0559799999999999,25.3763,0.0544500000000001,21.9355,0.0568499999999998,27.3118,0.0556000000000001,24.5161,0.17935,21.7204,0.37396,17.6344,0.41697,13.9785,0.45988,10.1075,0.54773,6.8817,0.72476,3.4409,0.87501,0,0.8465,-3.871,0.85351,-8.172,0.84237,-13.1183,0.75885,-20.2151,0.58411,-31.6129
0.0600200000000002,14.4086,0.0568499999999998,27.3118,0.05531,23.871,0.05762,29.0323,0.12789,26.4516,0.24195,21.9355,0.44558,18.0645,0.47947,13.9785,0.53141,10.3226,0.61032,7.0968,0.76048,3.4409,0.92849,-0.2151,0.91793,-3.871,0.88029,-8.172,0.86916,-13.1183,0.82135,-20.2151,0.59304,-31.6129
0.0606900000000001,15.914,0.05762,29.0323,0.0560800000000001,25.5914,0.05829,30.5376,0.17263,26.6667,0.25981,21.9355,0.49022,18.0645,0.5509,13.9785,0.59391,10.3226,0.64604,7.0968,0.82307,3.6559,0.98206,-0.2151,0.98043,-3.871,0.93386,-8.172,0.93166,-13.1183,0.85706,-20.2151,0.63788,-31.182792
0.0642399999999999,23.871,0.0581900000000002,30.3226,0.0658699999999999,27.5269,0.0588600000000001,31.828,0.19951,26.8817,0.33133,22.1505,0.55272,18.0645,0.61349,14.1936,0.63855,10.3226,0.67282,7.0968,0.8945,3.6559,1.04456,-0.2151,1.04293,-3.871,0.97851,-8.172,0.9763,-13.1183,0.9018,-20,0.64671,-31.397846
0.0649099999999998,25.3763,0.0586699999999998,31.3979,0.06664,29.2473,0.07701,32.4731,0.2264,27.0968,0.40276,22.1505,0.59746,18.2796,0.68492,14.1936,0.69222,10.5376,0.69068,7.0968,0.957,3.6559,1.0892,-0.2151,1.11445,-3.6559,1.01422,-8.172,1.04782,-12.9032,0.95547,-19.7849,0.69145,-31.182792
0.06847,33.3333,0.06847,33.3333,0.0674100000000002,30.9677,0.12175,32.6882,0.27113,27.3118,0.4475,22.3656,0.6421,18.2796,0.72956,14.1936,0.73686,10.5376,0.74425,7.0968,1.01048,3.4409,1.14277,-0.2151,1.1591,-3.6559,1.07672,-8.172,1.11935,-12.6882,1.00011,-19.7849,0.73628,-30.752685
0.0690400000000002,34.6237,0.0690400000000002,34.6237,0.0681799999999999,32.6882,0.13961,32.6882,0.31587,27.5269,0.50116,22.5806,0.71363,18.4946,0.75635,14.1936,0.78141,10.3226,0.79782,7.0968,1.06405,3.4409,1.16956,-0.2151,1.21267,-3.6559,1.12146,-7.957,1.18185,-12.6882,1.03582,-19.7849,0.78093,-30.752685
0.0697100000000002,36.129,0.0697100000000002,36.129,0.0686599999999999,33.7634,0.18434,32.9032,0.3874,27.7419,0.57279,23.0108,0.74934,18.4946,0.82778,14.1936,0.844,10.5376,0.8514,7.0968,1.09976,3.4409,1.23206,-0.2151,1.284,-3.871,1.17513,-7.7419,1.21756,-12.6882,1.10735,-19.5699,0.78995,-30.53763
0.0705800000000001,38.0645,0.0705800000000001,38.0645,0.0693299999999999,35.2688,0.25616,33.7634,0.45009,28.172,0.61743,23.0108,0.78506,18.4946,0.89028,14.1936,0.88865,10.5376,0.9139,7.0968,1.14441,3.4409,1.28563,-0.2151,1.33757,-3.871,1.24656,-7.7419,1.26221,-12.6882,1.16102,-19.3548,0.81674,-30.53763
0.07144,40,0.07144,40,0.0701000000000001,36.9893,0.30099,34.1936,0.49483,28.3871,0.68886,23.0108,0.84756,18.4946,0.96171,14.1936,0.92436,10.5376,0.9764,7.0968,1.20691,3.4409,1.3392,-0.2151,1.40007,-3.871,1.27334,-7.7419,1.32471,-12.6882,1.22352,-19.3548,0.85255,-30.32258
0.0723099999999999,41.9355,0.0723099999999999,41.9355,0.0709599999999999,38.9247,0.3368,34.4086,0.53064,28.6022,0.72467,23.2258,0.90122,18.7097,1.03333,14.6237,0.98686,10.5376,1.01211,7.0968,1.25155,3.4409,1.4018,0,1.46257,-3.871,1.33584,-7.7419,1.37828,-12.6882,1.25923,-19.3548,0.87943,-30.10752
0.0726900000000001,42.7957,0.0727899999999999,43.0108,0.0800800000000002,39.3548,0.38154,34.6237,0.60207,28.6022,0.77833,23.4409,0.94596,18.9247,1.10476,14.6237,1.05829,10.5376,1.05675,7.0968,1.29619,3.4409,1.4642,-0.2151,1.534,-3.871,1.40727,-7.7419,1.4498,-12.4731,1.32183,-19.1398,0.89729,-30.10752
0.0729799999999998,43.4409,0.0731700000000002,43.871,0.13394,40,0.42628,34.8387,0.65573,28.8172,0.82298,23.4409,0.99963,19.1398,1.16726,14.6237,1.08507,10.5376,1.12818,7.0968,1.35869,3.4409,1.5267,-0.2151,1.5966,-3.6559,1.4787,-7.7419,1.5123,-12.4731,1.39335,-18.9247,0.933,-30.10752
0.0733600000000001,44.3011,0.07355,44.7312,0.16082,40.2151,0.46219,35.2688,0.7095,29.2473,0.85869,23.4409,1.02641,19.1398,1.19404,14.6237,1.12972,10.5376,1.19961,7.0968,1.40333,3.4409,1.57135,-0.2151,1.63231,-3.6559,1.52334,-7.7419,1.56597,-12.2581,1.44702,-18.7097,0.98667,-29.89247
0.0738400000000001,45.3763,0.0829599999999999,45.8065,0.22361,40.8602,0.51595,35.6989,0.76317,29.4624,0.92129,23.6559,1.07096,18.9247,1.22976,14.6237,1.17436,10.5376,1.25318,7.0968,1.43012,3.4409,1.60706,-0.2151,1.69471,-3.871,1.57691,-7.7419,1.59275,-12.2581,1.51854,-18.4946,1.05829,-29.46236
0.0746099999999998,47.0968,0.11013,46.6667,0.2864,41.5054,0.57845,35.6989,0.79888,29.4624,0.97496,23.871,1.13346,18.9247,1.29226,14.6237,1.22793,10.5376,1.31568,7.0968,1.49272,3.6559,1.66956,-0.2151,1.76614,-3.871,1.64834,-7.7419,1.61061,-12.2581,1.58114,-18.2796,1.08517,-29.24731
0.0844,49.0323,0.14604,47.0968,0.32221,41.7204,0.62319,35.914,0.83459,29.4624,1.02853,23.871,1.20499,19.1398,1.3369,14.6237,1.2815,10.5376,1.37818,7.0968,1.55512,3.4409,1.7142,-0.2151,1.81078,-3.871,1.71977,-7.7419,1.64633,-12.2581,1.60792,-18.2796,1.13884,-29.03225
0.0851700000000002,50.7527,0.18194,47.5269,0.385,42.3656,0.68578,36.129,0.90612,29.6774,1.08219,24.086,1.2407,19.1398,1.3994,14.6237,1.344,10.5376,1.44961,7.0968,1.61762,3.4409,1.75885,-0.2151,1.86436,-3.871,1.75549,-7.7419,1.70883,-12.2581,1.67042,-18.2796,1.18358,-28.8172
0.0859399999999999,52.4731,0.1999,47.7419,0.45671,43.0108,0.73936,36.129,0.95086,29.8925,1.15372,24.3011,1.28534,19.1398,1.44404,14.6237,1.39757,10.5376,1.52104,7.0968,1.66226,3.4409,1.81242,-0.2151,1.93588,-3.6559,1.82691,-7.7419,1.78025,-12.2581,1.71507,-18.2796,1.21036,-28.8172
0.13135,54.1936,0.25385,48.6022,0.50155,43.4409,0.79312,36.5591,0.98667,30.1075,1.1805,24.3011,1.35677,19.1398,1.51557,14.8387,1.46007,10.5376,1.58354,7.0968,1.71583,3.4409,1.87501,0,1.9716,-3.6559,1.89834,-7.7419,1.83383,-12.2581,1.77757,-18.2796,1.23724,-28.60215
0.15833,54.6237,0.30771,49.2473,0.53736,43.6559,0.82893,36.7742,1.04034,30.3226,1.243,24.3011,1.41044,19.3548,1.57797,14.6237,1.52267,10.7527,1.63711,7.0968,1.74262,3.4409,1.93751,0,2.02517,-3.6559,1.93406,-7.7419,1.90535,-12.043,1.84909,-18.0645,1.2551,-28.60215
0.17628,54.8387,0.3705,49.8925,0.5821,43.871,0.87367,36.9893,1.08507,30.5376,1.27872,24.3011,1.45518,19.5699,1.64057,14.8387,1.58517,10.7527,1.69068,7.0968,1.76941,3.4409,1.99099,-0.2151,2.08767,-3.6559,2.00549,-7.7419,1.95902,-11.828,1.91169,-17.8495,1.30867,-28.60215
0.20335,55.4839,0.40631,50.1075,0.63586,44.3011,0.91841,37.2043,1.12981,30.7527,1.34122,24.3011,1.52661,19.5699,1.69423,15.0538,1.62981,10.7527,1.74425,7.0968,1.82307,3.6559,2.0267,-0.2151,2.15017,-3.6559,2.06799,-7.7419,2.02152,-11.828,1.96526,-17.8495,1.35341,-28.38709
0.23945,56.3441,0.43319,50.3226,0.68953,44.5161,0.95412,37.2043,1.17446,30.7527,1.39498,24.7312,1.57125,19.5699,1.75673,15.0538,1.69231,10.7527,1.81568,7.0968,1.88548,3.4409,2.08037,0,2.2216,-3.6559,2.12165,-7.5269,2.0483,-11.828,2.02785,-17.6344,1.38029,-28.17204
0.25741,56.5591,0.44222,50.5376,0.73427,44.7312,0.99896,37.6344,1.22803,30.7527,1.45739,24.5161,1.64268,19.5699,1.82816,15.0538,1.73696,10.7527,1.88711,7.0968,1.93905,3.4409,2.13394,0,2.29302,-3.6559,2.18406,-7.7419,2.07509,-11.828,2.05464,-17.6344,1.40708,-28.17204
0.32922,57.4194,0.46017,50.7527,0.78784,44.7312,1.06165,38.0645,1.25481,30.7527,1.51998,24.7312,1.7142,19.7849,1.85495,15.0538,1.79053,10.7527,1.92282,7.0968,2.01048,3.4409,2.20527,-0.2151,2.31981,-3.6559,2.24675,-7.3118,2.14661,-11.6129,2.09035,-17.6344,1.45182,-27.95699
0.39201,58.0645,0.47812,50.9677,0.8416,45.1613,1.13317,38.2796,1.31741,30.9677,1.54686,24.9462,1.7767,19.7849,1.92647,15.2688,1.86205,10.9677,1.9764,7.0968,2.06405,3.4409,2.2767,-0.2151,2.38221,-3.871,2.29139,-7.3118,2.20911,-11.6129,2.11714,-17.6344,1.51441,-27.74193
0.42791,58.4946,0.50501,51.1828,0.90429,45.5914,1.18684,38.4946,1.38001,31.1828,1.59151,24.9462,1.82144,20,1.98004,15.2688,1.89777,10.9677,2.02104,7.0968,2.10879,3.6559,2.31242,-0.2151,2.45364,-3.871,2.30925,-7.3118,2.28045,-11.828,2.17974,-17.4194,1.56808,-27.52688
0.44587,58.7097,0.53189,51.3979,0.94011,45.8065,1.24934,38.4946,1.4426,31.3979,1.63615,24.9462,1.85716,20,2.02469,15.2688,1.93348,10.9677,2.07461,7.0968,2.16236,3.6559,2.3392,-0.2151,2.525167,-3.6559,2.34496,-7.3118,2.32509,-11.828,2.24233,-17.2043,1.63068,-27.31182
0.4907,59.1398,0.55886,51.828,0.99377,46.0215,1.29398,38.4946,1.49627,31.6129,1.68982,25.1613,1.91073,20,2.09612,15.2688,1.99598,10.9677,2.14604,7.0968,2.23369,3.4409,2.4017,-0.2151,2.578738,-3.6559,2.39844,-7.5269,2.3608,-11.828,2.27805,-17.2043,1.69327,-27.09677
0.53554,59.5699,0.58565,51.828,1.04744,46.2366,1.35658,38.7097,1.5677,31.6129,1.73446,25.1613,1.96439,20.2151,2.11397,15.2688,2.03169,10.9677,2.19961,7.0968,2.30522,3.6559,2.45537,0,2.641238,-3.6559,2.45211,-7.3118,2.41447,-11.6129,2.31376,-17.2043,1.73792,-27.09677
0.58949,60.4301,0.61253,52.043,1.1012,46.6667,1.41025,38.9247,1.61244,31.828,1.80589,25.1613,2.02689,20.2151,2.15852,15.0538,2.09419,10.9677,2.25318,7.0968,2.36772,3.6559,2.500013,0,2.676952,-3.6559,2.48782,-7.3118,2.47707,-11.3978,2.38529,-16.9892,1.77373,-26.88172
0.65228,61.0753,0.63941,52.2581,1.1638,46.8817,1.47294,39.3548,1.67503,32.043,1.87741,25.3763,2.07154,20.2151,2.23004,15.2688,2.14777,10.9677,2.30675,7.0968,2.43905,3.4409,2.553488,-0.2151,2.712667,-3.6559,2.523534,-7.3118,2.539663,-11.1828,2.44779,-16.9892,1.79168,-26.66666
0.71516,61.9355,0.6663,52.4731,1.20854,47.0968,1.50865,39.3548,1.7287,32.2581,1.94884,25.3763,2.14306,20.4301,2.25683,15.2688,2.21919,10.9677,2.37818,7.0968,2.48369,3.4409,2.589203,-0.2151,2.766238,-3.6559,2.568177,-7.3118,2.575378,-11.1828,2.510382,-16.7742,1.80954,-26.66666
0.75107,62.3656,0.70211,52.6882,1.24435,47.3118,1.54446,39.5699,1.77344,32.4731,2.01134,25.3763,2.21439,20.2151,2.30157,15.4839,2.28169,10.9677,2.44971,7.3118,2.546192,3.4409,2.615988,-0.2151,2.810881,-3.6559,2.61282,-7.3118,2.646806,-11.1828,2.537167,-16.7742,1.83632,-26.66666
0.79571,62.3656,0.72899,52.9032,1.31578,47.3118,1.58911,39.5699,1.80906,32.2581,2.04715,25.5914,2.27689,20.2151,2.32845,15.6989,2.34419,10.9677,2.51211,7.0968,2.572978,3.4409,2.651703,-0.2151,2.873381,-3.6559,2.666392,-7.3118,2.700378,-11.1828,2.608596,-16.7742,1.85418,-26.66666
0.81366,62.5806,0.75597,53.3333,1.38749,47.957,1.63385,39.7849,1.86263,32.2581,2.11868,25.8065,2.33056,20.4301,2.38202,15.6989,2.40679,11.1828,2.57461,7.0968,2.635574,3.6559,2.714203,-0.2151,2.926952,-3.6559,2.711034,-7.3118,2.736092,-11.1828,2.671192,-16.5591,1.87204,-26.66666
0.84064,63.0108,0.78285,53.5484,1.41428,47.957,1.69654,40.2151,1.90737,32.4731,2.15439,25.8065,2.39297,20.2151,2.40881,15.6989,2.46929,11.1828,2.646038,7.0968,2.706906,3.4409,2.749917,-0.2151,2.989452,-3.6559,2.764606,-7.3118,2.807617,-10.9677,2.74262,-16.5591,1.90775,-26.66666
0.90333,63.4409,0.8007,53.5484,1.44107,47.957,1.72332,40.2151,1.95211,32.6882,2.21689,25.8065,2.4377,20.4301,2.42666,15.6989,2.522862,11.1828,2.708538,7.0968,2.760478,3.4409,2.812417,-0.2151,3.051952,-3.6559,2.827106,-7.3118,2.861092,-11.1828,2.805216,-16.3441,1.97044,-26.23656
0.93022,63.6559,0.83642,53.5484,1.51269,48.3871,1.77689,40.2151,1.98782,32.6882,2.28851,26.2366,2.500301,20.6452,2.497997,15.4839,2.594195,10.9677,2.744253,7.0968,2.823074,3.6559,2.85706,-0.2151,3.105524,-3.6559,2.880677,-7.3118,2.932617,-10.9677,2.849859,-16.3441,2.02411,-26.0215
0.98388,63.871,0.8633,53.7634,1.56635,48.6022,1.83959,40.6452,2.04139,32.6882,2.35101,26.2366,2.536015,20.6452,2.524782,15.4839,2.629909,10.9677,2.788991,7.3118,2.885478,3.4409,2.919656,0,3.150263,-3.4409,2.952106,-7.3118,2.959402,-10.9677,2.921288,-16.3441,2.07768,-26.0215
1.02881,64.5161,0.89921,54.1936,1.61109,48.8172,1.88433,40.8602,2.08613,32.9032,2.40468,26.4516,2.607444,20.6452,2.596211,15.4839,2.683481,10.9677,2.833538,7.0968,2.947978,3.4409,2.982156,0,3.17244,6.2366,3.014606,-7.3118,3.021902,-10.9677,2.983884,-16.129,2.14037,-25.59139
1.09141,64.7312,0.93502,54.4086,1.6469,49.0323,1.94683,40.8602,2.13077,32.9032,2.45815,26.2366,2.661015,20.6452,2.649782,15.4839,2.737052,10.9677,2.860324,7.0968,2.974763,3.4409,3.04456,-0.2151,3.185689,15.914,3.08613,-7.0968,3.084402,-10.9677,3.046576,-15.6989,2.18502,-25.59139
1.12713,64.7312,0.9618,54.4086,1.70047,49.0323,2.01835,41.0753,2.16649,32.9032,2.511726,26.2366,2.73254,20.8602,2.721211,15.4839,2.790624,10.9677,2.905063,7.3118,3.028431,3.6559,3.098131,-0.2151,3.221211,15.4839,3.139702,-7.0968,3.120213,-10.7527,3.118004,-15.6989,2.22966,-25.59139
1.17186,64.9462,0.99761,54.6237,1.76317,49.4624,2.08997,41.5054,2.2023,33.1183,2.574322,26.4516,2.79504,20.8602,2.783807,15.6989,2.844195,10.9677,2.940777,7.3118,3.064049,3.4409,3.133941,0,3.4089991,16.129,3.171192,3.4409,3.155927,-10.7527,3.153719,-15.6989,2.30128,-25.16129
1.19875,65.1613,1.01557,54.8387,1.82586,49.8925,2.14364,41.7204,2.26489,33.3333,2.636918,26.6667,2.857636,21.0753,2.82845,15.6989,2.897766,10.9677,2.994349,7.3118,3.126645,3.6559,3.160631,-0.2151,3.605428,16.129,3.185593,15.6989,3.165912,-8.3871,3.163703,-13.3333,2.33699,-25.16129
1.2167,65.3763,1.05147,55.2688,1.88845,50.1075,2.17042,41.7204,2.30061,33.3333,2.699514,26.8817,2.884422,21.0753,2.899782,15.4839,2.951338,10.9677,3.056753,7.0968,3.153431,3.6559,3.17436,10.5376,3.793216,16.7742,3.48935622,16.129,3.185305,15.0538,3.185401,15.2688,2.35485,-25.16129
1.27949,66.0215,1.07816,55.0538,1.95095,50.1075,2.224,41.7204,2.33632,33.3333,2.735228,26.8817,2.902279,21.0753,2.935497,15.4839,3.013838,10.9677,3.128277,7.3118,3.204314,17.6344,3.194617,15.914,3.989644,16.7742,3.837667,16.3441,3.301376,15.0538,3.310593,15.6989,2.39066,-24.94623
1.32423,66.2366,1.10504,55.2688,2.00472,50.5376,2.2865,41.7204,2.36311,33.3333,2.779871,26.8817,2.946922,21.0753,2.98014,15.4839,3.067409,10.9677,3.163991,7.3118,3.239836,17.2043,3.310785,16.129,4.186073,16.7742,4.132309,16.3441,3.658807,15.6989,3.4445214,15.6989,2.40842,-25.16129
1.36887,66.2366,1.14085,55.4839,2.05838,50.7527,2.34919,42.1505,2.4257,33.5484,2.842467,27.0968,2.973707,21.0753,3.051568,15.4839,3.130005,11.1828,3.204314,17.6344,3.311553,17.8495,3.4982848,16.129,4.373381,16.3441,4.435977,16.5591,3.85514,15.4839,3.5784499,15.6989,2.45326,-24.73118
1.43156,66.6667,1.1589,55.914,2.11196,50.7527,2.40276,42.1505,2.47044,33.7634,2.88711,27.0968,3.027279,21.0753,3.087282,15.4839,3.16572,11.1828,3.239836,17.2043,3.356196,17.8495,3.650263,16.5591,4.62348,16.5591,4.63241,16.5591,4.060689,15.914,3.739164,15.6989,2.47112,-24.73118
1.49425,67.0968,1.19471,56.129,2.14767,50.7527,2.44759,42.5806,2.515182,33.9785,2.94961,27.0968,3.098707,21.0753,3.14095,15.6989,3.175896,13.9785,3.311553,17.8495,3.4008386,17.8495,3.79312,16.5591,4.73945,16.3441,4.73945,16.3441,4.26595,15.6989,3.953642,16.129,2.515758,-24.73118
1.54802,67.5269,1.2216,56.3441,2.21919,50.9677,2.4834,42.7957,2.577682,33.9785,3.021134,27.3118,3.125493,21.0753,3.17772,18.0645,3.204314,17.6344,3.356196,17.8495,3.48138771,18.2796,3.926952,16.3441,4.74512,9.0323,4.74406,6.6667,4.471499,16.129,4.096307,15.6989,2.560401,-24.73118
1.58383,67.7419,1.25741,56.5591,2.26393,51.1828,2.519118,42.7957,2.640278,34.1936,3.083634,27.3118,3.179256,21.5054,3.196441,20,3.239836,17.2043,3.4008386,17.8495,3.517102,18.2796,4.069809,16.3441,4.74185,1.7204,4.74934,-1.5054,4.64997,15.914,4.274975,15.914,2.614068,-24.51613
1.61071,67.957,1.28419,56.5591,2.30867,51.3979,2.581714,43.0108,2.702778,34.1936,3.11042,27.3118,3.196441,20,3.214203,19.7849,3.311553,17.8495,3.48138771,18.2796,3.5617449,18.2796,4.239644,16.7742,4.74924,-1.7204,4.77613,-1.5054,4.73926,15.914,4.408903,15.914,2.676664,-24.30107
1.66447,68.3871,1.31107,56.7742,2.35341,51.6129,2.617428,43.0108,2.747421,34.1936,3.137206,27.3118,3.214203,19.7849,3.258845,19.7849,3.356196,17.8495,3.517102,18.2796,3.597459,18.2796,4.36474,16.9893,4.8297,-1.5054,4.82067,-1.7204,4.74656,12.2581,4.54283,15.914,2.685593,-24.30107
1.72707,68.6021,1.33776,56.5591,2.39815,51.828,2.671,43.0108,2.818945,34.4086,3.180312,23.871,3.258845,19.7849,3.29456,19.7849,3.4008386,17.8495,3.5617449,18.2796,3.642102,18.2796,4.471883,16.9893,,,,,4.74924,-1.7204,4.70355,15.914,2.73926,-24.08602
1.78064,68.6021,1.36464,56.7742,2.46977,52.2581,2.733596,43.2258,2.863684,34.6237,3.181465,26.4516,3.29456,19.7849,3.348131,19.7849,3.48138771,18.2796,3.597459,18.2796,3.722459,18.2796,4.57903,16.9893,,,,,4.8296,-1.7204,4.73926,15.914,2.792928,-23.87096
1.80752,68.8171,1.39153,56.9893,2.514414,52.2581,2.796288,43.6559,2.935113,34.6237,3.196441,20,3.348131,19.7849,3.4017986,20,3.517102,18.2796,3.642102,18.2796,3.776031,18.2796,4.66841,17.2043,,,,,,,4.74502,8.8172,2.810881,-23.65591
1.87031,69.4621,1.41841,57.2043,2.550224,52.4731,2.858788,43.6559,2.970827,34.6237,3.214203,19.7849,3.4017986,20,3.4465375,20.2151,3.5617449,18.2796,3.704602,18.2796,3.829602,18.2796,4.73062,16.5591,,,,,,,4.74944,-1.2903,2.837667,-23.65591
1.933,69.8921,1.43626,57.2043,2.603796,52.4731,2.921288,43.6559,3.042352,34.8387,3.258845,19.7849,3.4465375,20.2151,3.4643946,20.2151,3.597459,18.2796,3.731388,18.2796,3.909959,18.2796,4.74128,0.4301,,,,,,,4.75798,-2.1505,2.864452,-23.65591
1.97774,70.1071,1.46334,57.8495,2.666296,52.4731,2.965931,43.6559,3.08709,35.0538,3.29456,19.7849,3.4643946,20.2151,3.5091335,20.4301,3.642102,18.2796,3.776031,18.2796,3.981388,18.2796,4.74147,0.860200000000003,,,,,,,4.7937,-2.1505,2.882309,-23.65591
2.01355,70.3221,1.49003,57.6344,2.720155,53.1183,3.01067,43.871,3.131829,35.2688,3.348131,19.7849,3.5091335,20.4301,3.5449438,20.6452,3.722651,18.7097,3.856388,18.2796,4.052912,18.4946,4.74166,1.2903,,,,,,,4.82048,-2.1505,2.891238,-23.65591
2.08517,70.7531,1.51681,57.6344,2.764798,53.1183,3.04648,44.086,3.167448,35.0538,3.4017986,20,3.5449438,20.6452,3.625013,20,3.776319,18.9247,3.927912,18.4946,4.115412,18.4946,4.74185,1.7204,,,,,,,,,2.926952,-23.65591
2.1566,70.7531,1.54379,58.0645,2.818465,53.3333,3.100147,44.3011,3.181273,26.0215,3.4465375,20.2151,3.625013,20,3.660631,19.7849,3.856676,18.9247,3.981388,18.2796,4.177912,18.4946,4.74204,2.1505,,,,,,,,,2.935881,-23.65591
2.20143,71.1831,1.56155,57.8495,2.889894,53.3333,3.109076,44.3011,3.184153,32.4731,3.4643946,20.2151,3.660631,19.7849,3.732156,20,3.9282,19.1398,4.052912,18.4946,4.222555,18.4946,4.74233,2.7957,,,,,,,,,2.998573,-23.2258
2.27296,71.3981,1.57941,57.8495,2.95249,53.5484,3.135862,44.3011,3.196441,20,3.5091335,20.4301,3.732156,20,3.794656,20,3.981868,19.3548,4.115412,18.4946,4.267198,18.4946,4.74272,3.6559,,,,,,,,,3.007405,-23.44086
2.30877,71.6131,1.58834,57.8495,3.015086,53.7634,3.162743,44.5161,3.214203,19.7849,3.5449438,20.6452,3.794656,20,3.875013,20,4.053296,19.3548,4.186841,18.4946,4.338627,18.4946,4.74329,4.9462,,,,,,,,,3.052144,-23.2258
2.33565,71.8281,1.61522,58.0645,3.077682,53.9785,3.181657,26.8817,3.258845,19.7849,3.625013,20,3.875013,20,3.928584,20,4.115892,19.5699,4.258269,18.4946,4.383269,18.4946,4.74416,6.8817,,,,,,,,,3.087859,-23.2258
2.38039,72.0431,1.62415,58.0645,3.131349,54.1936,3.182809,29.4624,3.29456,19.7849,3.660631,19.7849,3.928584,20,3.991084,20,4.187417,19.7849,4.329698,18.4946,4.445769,18.4946,4.74502,8.8172,,,,,,,,,3.11474,-23.01075
2.44299,72.2581,1.65093,58.0645,3.175992,54.1936,3.184057,32.2581,3.348131,19.7849,3.732156,20,3.991084,20,4.053584,20,4.258845,19.7849,4.392198,18.4946,4.49934,18.4946,4.74588,10.7527,,,,,,,,,3.132693,-22.7957
2.487628,72.2581,1.66889,58.2796,3.183001,29.8925,3.185689,35.914,3.4017986,20,3.794656,20,4.053584,20,4.116084,20,4.33037,20,4.472651,18.7097,4.54398,18.4946,4.74675,12.6882,,,,,,,,,3.159767,-22.15053
2.5412,72.2581,1.68684,58.4946,3.186361,37.4194,3.187129,39.1398,3.4465375,20.2151,3.875013,20,4.116084,20,4.187513,20,4.392966,20.2151,4.54418,18.9247,4.58863,18.4946,4.74761,14.6237,,,,,,,,,3.159863,-21.93548
2.586034,72.6881,1.72265,58.7097,3.191353,48.6022,3.188857,43.0108,3.4643946,20.2151,3.928584,20,4.187513,20,4.250013,20,4.473227,20,4.59775,18.9247,4.63327,18.4946,4.74848,16.5591,,,,,,,,,3.159959,-21.72043
2.648726,73.1181,1.74051,58.7097,3.198074,23.6559,3.242716,23.6559,3.5091335,20.4301,3.991084,20,4.250013,20,4.321441,20,4.54475,20.2151,4.62463,19.1398,4.67782,18.2796,4.77651,-0.645199999999999,,,,,,,,,3.160151,-21.2903
2.693465,73.3331,1.76729,58.7097,3.215835,23.4409,3.305216,23.6559,3.5449438,20.6452,4.053584,20,4.321441,20,4.357156,20,4.59832,20.2151,4.65141,19.1398,4.7046,18.2796,,,,,,,,,,,3.160343,-20.8602
2.738204,73.5481,1.78525,58.9247,3.260478,23.4409,3.349859,23.6559,3.625013,20,4.116084,20,4.357156,20,4.392966,20.2151,4.63404,20.2151,4.66937,19.3548,4.73062,16.5591,,,,,,,,,,,3.160535,-20.4301
2.782847,73.5481,1.8031,58.9247,3.332002,23.6559,3.3945022,23.6559,3.660631,19.7849,4.187513,20,4.392966,20.2151,4.473227,20,4.65189,20.2151,4.69615,19.3548,4.74032,18.2796,,,,,,,,,,,3.160823,-19.7849
2.809633,73.5481,1.82999,59.1398,3.385574,23.6559,3.4570022,23.6559,3.732156,20,4.250013,20,4.473227,20,4.54475,20.2151,4.66975,20.2151,4.72294,19.3548,4.74128,0.4301,,,,,,,,,,,3.161207,-18.9247
2.845443,73.7631,1.84794,59.3548,3.4570022,23.6559,3.5284307,23.6559,3.794656,20,4.321441,20,4.54475,20.2151,4.59832,20.2151,4.69654,20.2151,4.73033,15.914,4.74147,0.860200000000003,,,,,,,,,,,3.161879,-17.4194
2.872229,73.7631,1.87482,59.5699,3.5284307,23.6559,3.5820022,23.6559,3.875013,20,4.357156,20,4.59832,20.2151,4.65199,20.4301,4.72294,19.3548,4.73993,17.4194,4.74166,1.2903,,,,,,,,,,,3.162743,-15.4839
2.934921,74.1931,1.90161,59.5699,3.5820022,23.6559,3.662359,23.6559,3.928584,20,4.392966,20.2151,4.65199,20.4301,4.66985,20.4301,4.73062,16.5591,4.74032,18.2796,4.74185,1.7204,,,,,,,,,,,3.163607,-13.5484
2.988588,74.4091,1.92839,59.5699,3.662359,23.6559,3.733788,23.6559,3.991084,20,4.473227,20,4.66985,20.4301,4.69654,20.2151,4.74032,18.2796,4.74128,0.4301,4.74204,2.1505,,,,,,,,,,,3.164279,-12.043
3.051184,74.6241,1.95527,59.7849,3.733788,23.6559,3.814145,23.6559,4.053584,20,4.54475,20.2151,4.69654,20.2151,4.72294,19.3548,4.74128,0.4301,4.74147,0.860200000000003,4.74233,2.7957,,,,,,,,,,,3.164951,-10.5376
3.086898,74.6241,1.98196,59.5699,3.814145,23.6559,3.849859,23.6559,4.116084,20,4.59832,20.2151,4.72294,19.3548,4.73062,16.5591,4.74147,0.860200000000003,4.74166,1.2903,4.74272,3.6559,,,,,,,,,,,3.165816,-8.6021
3.149494,74.8391,2.00875,59.5699,3.849859,23.6559,3.912359,23.6559,4.187513,20,4.65199,20.4301,4.73062,16.5591,4.74032,18.2796,4.74166,1.2903,4.74185,1.7204,4.74329,4.9462,,,,,,,,,,,3.16668,-6.6667
3.176376,75.0541,2.03563,59.7849,3.912359,23.6559,3.99262,23.4409,4.250013,20,4.66985,20.4301,4.74032,18.2796,4.74128,0.4301,4.74185,1.7204,4.74204,2.1505,4.74416,6.8817,,,,,,,,,,,3.167544,-4.7312
3.183769,31.6129,2.07144,60,3.99262,23.4409,4.028335,23.4409,4.321441,20,4.69654,20.2151,4.74128,0.4301,4.74147,0.860200000000003,4.74204,2.1505,4.74224,2.5806,4.74502,8.8172,,,,,,,,,,,3.168408,-2.7957
3.185305,75.0541,2.09823,60,4.028335,23.4409,4.090835,23.4409,4.357156,20,4.72294,19.3548,4.74147,0.860200000000003,4.74166,1.2903,4.74233,2.7957,4.74262,3.4409,4.74588,10.7527,,,,,,,,,,,3.169176,-1.0753
3.186745,38.2796,2.12511,60.2151,4.090835,23.4409,4.171192,23.4409,4.392966,20.2151,4.73062,16.5591,4.74166,1.2903,4.74185,1.7204,4.74272,3.6559,4.7431,4.5161,4.74675,12.6882,,,,,,,,,,,3.169944,0.645199999999999
3.188569,42.3656,2.15189,60.2151,4.171192,23.4409,4.197978,23.4409,4.473227,20,4.74032,18.2796,4.74185,1.7204,4.74204,2.1505,4.74329,4.9462,4.74396,6.4516,4.74761,14.6237,,,,,,,,,,,3.170712,2.3656
3.190777,47.3118,2.17868,60.2151,4.197978,23.4409,4.233692,23.4409,4.54475,20.2151,4.74128,0.4301,4.74204,2.1505,4.74233,2.7957,4.74416,6.8817,4.74483,8.3871,4.77651,-0.645199999999999,,,,,,,,,,,3.171576,4.3011
3.192217,50.5376,2.20556,60.4301,4.233692,23.4409,4.305216,23.6559,4.59832,20.2151,4.74147,0.860200000000003,4.74233,2.7957,4.74272,3.6559,4.74502,8.8172,4.74569,10.3226,,,,,,,,,,,,,3.17244,6.2366
3.194617,55.914,2.22342,60.4301,4.305216,23.6559,4.376549,23.4409,4.65199,20.4301,4.74166,1.2903,4.74272,3.6559,4.74329,4.9462,4.74588,10.7527,4.74656,12.2581,,,,,,,,,,,,,3.173304,8.172
3.196633,60.4301,2.25933,60.8602,4.376549,23.4409,4.438857,23.0108,4.66985,20.4301,4.74185,1.7204,4.74329,4.9462,4.74416,6.8817,4.74675,12.6882,4.74742,14.1936,,,,,,,,,,,,,3.174168,10.1075
3.199418,66.6667,2.28611,60.8602,4.438857,23.0108,4.51029,23.0108,4.69654,20.2151,4.74204,2.1505,4.74416,6.8817,4.74502,8.8172,4.74761,14.6237,4.77651,-0.645199999999999,,,,,,,,,,,,,3.175032,12.043
3.201722,71.8281,2.30397,60.8602,4.51029,23.0108,4.58191,23.4409,4.72294,19.3548,4.74233,2.7957,4.74502,8.8172,4.74588,10.7527,4.77651,-0.645199999999999,,,,,,,,,,,,,,,3.175896,13.9785
3.202778,74.1931,2.33987,61.2903,4.58191,23.4409,4.61772,23.6559,4.73062,16.5591,4.74272,3.6559,4.74588,10.7527,4.74675,12.6882,4.81165,-1.9355,,,,,,,,,,,,,,,3.194137,14.8387
3.217275,26.6667,2.3488,61.2903,4.61772,23.6559,4.6445,23.6559,4.74032,18.2796,4.74329,4.9462,4.74675,12.6882,4.74761,14.6237,,,,,,,,,,,,,,,,,3.301184,14.6237
3.253085,26.8817,2.37549,61.0753,4.6445,23.6559,4.68022,23.6559,4.74128,0.4301,4.74416,6.8817,4.74761,14.6237,4.77651,-0.645199999999999,,,,,,,,,,,,,,,,,3.4264722,15.2688
3.279967,27.0968,2.40228,61.0753,4.68022,23.6559,4.707,23.6559,4.74147,0.860200000000003,4.74502,8.8172,4.77651,-0.645199999999999,,,,,,,,,,,,,,,,,,,3.5067333,15.0538
3.315777,27.3118,2.43828,61.7204,4.707,23.6559,4.73984,17.2043,4.74166,1.2903,4.74588,10.7527,,,,,,,,,,,,,,,,,,,,,3.640854,15.4839
3.351491,27.3118,2.46516,61.9355,4.73984,17.2043,4.74041,18.4946,4.74185,1.7204,4.74675,12.6882,,,,,,,,,,,,,,,,,,,,,3.720923,14.8387
3.4049668,27.0968,2.491852,61.7204,4.74041,18.4946,4.74089,19.5699,4.74204,2.1505,4.74761,14.6237,,,,,,,,,,,,,,,,,,,,,3.863876,15.0538
3.4316565,26.8817,2.527567,61.7204,4.74089,19.5699,4.74128,0.4301,4.74233,2.7957,4.77651,-0.645199999999999,,,,,,,,,,,,,,,,,,,,,4.015662,15.0538
3.4585382,27.0968,2.554352,61.7204,4.74128,0.4301,4.74156,1.0753,4.74272,3.6559,,,,,,,,,,,,,,,,,,,,,,,4.176376,15.0538
3.5298708,26.8817,2.581138,61.7204,4.74156,1.0753,4.74176,1.5054,4.74329,4.9462,,,,,,,,,,,,,,,,,,,,,,,4.301472,15.2688
3.5656811,27.0968,2.60802,61.9355,4.74176,1.5054,4.74195,1.9355,4.74416,6.8817,,,,,,,,,,,,,,,,,,,,,,,4.48897,15.2688
3.619157,26.8817,2.634806,61.9355,4.74195,1.9355,4.74214,2.3656,4.74502,8.8172,,,,,,,,,,,,,,,,,,,,,,,4.61397,15.2688
3.753085,26.8817,2.67052,61.9355,4.74214,2.3656,4.74252,3.2258,4.74588,10.7527,,,,,,,,,,,,,,,,,,,,,,,4.748,15.4839
3.833442,26.8817,2.697402,62.1505,4.74252,3.2258,4.74272,23.6559,4.74675,12.6882,,,,,,,,,,,,,,,,,,,,,,,4.74876,-2.7957
3.904871,26.8817,2.724187,62.1505,4.74272,23.6559,4.74291,4.086,4.74761,14.6237,,,,,,,,,,,,,,,,,,,,,,,4.77555,-2.7957
4.020846,26.6667,2.751165,62.5806,4.74291,4.086,4.74358,5.5914,4.77651,-0.645199999999999,,,,,,,,,,,,,,,,,,,,,,,4.80234,-2.7957
4.083346,26.6667,2.760094,62.5806,4.74358,5.5914,4.74444,7.5269,,,,,,,,,,,,,,,,,,,,,,,,,4.84698,-2.7957
4.110228,26.8817,2.786879,62.5806,4.74444,7.5269,4.74531,9.4624,,,,,,,,,,,,,,,,,,,,,,,,,,
4.181561,26.6667,2.804736,62.5806,4.74531,9.4624,4.74617,11.3979,,,,,,,,,,,,,,,,,,,,,,,,,,
4.261918,26.6667,2.82269,62.7957,4.74617,11.3979,4.74704,13.3333,,,,,,,,,,,,,,,,,,,,,,,,,,
4.360324,27.0968,2.858404,62.7957,4.74704,13.3333,4.7479,15.2688,,,,,,,,,,,,,,,,,,,,,,,,,,
4.413799,26.8817,2.885286,63.0108,4.7479,15.2688,4.7504,20.8602,,,,,,,,,,,,,,,,,,,,,,,,,,
4.476203,26.6667,2.911975,62.7957,4.7504,20.8602,4.75116,22.5806,,,,,,,,,,,,,,,,,,,,,,,,,,
4.5388,26.8817,2.920904,62.7957,4.75126,22.7957,,,,,,,,,,,,,,,,,,,,,,,,,,,,
4.58335,26.6667,2.938857,63.0108,4.77651,-0.645199999999999,,,,,,,,,,,,,,,,,,,,,,,,,,,,
4.62799,26.6667,2.965835,63.4409,,,,,,,,,,,,,,,,,,,,,,,,,,,,,,
4.65477,26.6667,2.992524,63.2258,,,,,,,,,,,,,,,,,,,,,,,,,,,,,,
4.7262,26.6667,3.010382,63.2258,,,,,,,,,,,,,,,,,,,,,,,,,,,,,,
4.74147,0.860200000000003,3.037263,63.4409,,,,,,,,,,,,,,,,,,,,,,,,,,,,,,
4.74176,1.5054,3.063953,63.2258,,,,,,,,,,,,,,,,,,,,,,,,,,,,,,
4.74262,3.4409,3.099859,63.6559,,,,,,,,,,,,,,,,,,,,,,,,,,,,,,
4.743,4.3011,3.126645,63.6559,,,,,,,,,,,,,,,,,,,,,,,,,,,,,,
4.74406,26.6667,3.144502,63.6559,,,,,,,,,,,,,,,,,,,,,,,,,,,,,,
4.74435,7.3118,3.180216,63.6559,,,,,,,,,,,,,,,,,,,,,,,,,,,,,,
4.7456,10.1075,3.183001,29.8925,,,,,,,,,,,,,,,,,,,,,,,,,,,,,,
4.74732,13.9785,3.187033,38.9247,,,,,,,,,,,,,,,,,,,,,,,,,,,,,,
4.748,15.4839,3.191161,48.172,,,,,,,,,,,,,,,,,,,,,,,,,,,,,,
4.74876,17.2043,3.194425,55.4839,,,,,,,,,,,,,,,,,,,,,,,,,,,,,,
4.74972,19.3548,3.197498,62.3656,,,,,,,,,,,,,,,,,,,,,,,,,,,,,,
4.75068,21.5054,3.207578,24.9462,,,,,,,,,,,,,,,,,,,,,,,,,,,,,,
4.75097,22.1505,3.243388,25.1613,,,,,,,,,,,,,,,,,,,,,,,,,,,,,,
4.75126,22.7957,3.314817,25.1613,,,,,,,,,,,,,,,,,,,,,,,,,,,,,,
4.75145,23.2258,3.377317,25.1613,,,,,,,,,,,,,,,,,,,,,,,,,,,,,,
4.75174,23.871,3.4486496,24.9462,,,,,,,,,,,,,,,,,,,,,,,,,,,,,,
4.75203,24.5161,3.5290068,24.9462,,,,,,,,,,,,,,,,,,,,,,,,,,,,,,
4.75232,25.1613,3.591507,24.9462,,,,,,,,,,,,,,,,,,,,,,,,,,,,,,
4.75261,25.8065,3.645078,24.9462,,,,,,,,,,,,,,,,,,,,,,,,,,,,,,
4.7528,26.2366,3.725435,24.9462,,,,,,,,,,,,,,,,,,,,,,,,,,,,,,
4.77689,0.2151,3.796864,24.9462,,,,,,,,,,,,,,,,,,,,,,,,,,,,,,
4.81261,0.2151,3.877221,24.9462,,,,,,,,,,,,,,,,,,,,,,,,,,,,,,
4.83939,0.2151,3.939721,24.9462,,,,,,,,,,,,,,,,,,,,,,,,,,,,,,
,,3.993292,24.9462,,,,,,,,,,,,,,,,,,,,,,,,,,,,,,
,,4.07365,24.9462,,,,,,,,,,,,,,,,,,,,,,,,,,,,,,
,,4.100435,24.9462,,,,,,,,,,,,,,,,,,,,,,,,,,,,,,
,,4.171768,24.7312,,,,,,,,,,,,,,,,,,,,,,,,,,,,,,
,,4.243292,24.9462,,,,,,,,,,,,,,,,,,,,,,,,,,,,,,
,,4.314721,24.9462,,,,,,,,,,,,,,,,,,,,,,,,,,,,,,
,,4.377221,24.9462,,,,,,,,,,,,,,,,,,,,,,,,,,,,,,
,,4.430792,24.9462,,,,,,,,,,,,,,,,,,,,,,,,,,,,,,
,,4.475435,24.9462,,,,,,,,,,,,,,,,,,,,,,,,,,,,,,
,,4.53794,24.9462,,,,,,,,,,,,,,,,,,,,,,,,,,,,,,
,,4.61829,24.9462,,,,,,,,,,,,,,,,,,,,,,,,,,,,,,
,,4.66294,24.9462,,,,,,,,,,,,,,,,,,,,,,,,,,,,,,
,,4.68972,24.9462,,,,,,,,,,,,,,,,,,,,,,,,,,,,,,
,,4.70758,24.9462,,,,,,,,,,,,,,,,,,,,,,,,,,,,,,
,,4.73974,16.9893,,,,,,,,,,,,,,,,,,,,,,,,,,,,,,
,,4.74003,17.6344,,,,,,,,,,,,,,,,,,,,,,,,,,,,,,
,,4.74089,19.5699,,,,,,,,,,,,,,,,,,,,,,,,,,,,,,
,,4.74128,0.4301,,,,,,,,,,,,,,,,,,,,,,,,,,,,,,
,,4.74156,1.0753,,,,,,,,,,,,,,,,,,,,,,,,,,,,,,
,,4.74176,1.5054,,,,,,,,,,,,,,,,,,,,,,,,,,,,,,
,,4.74195,1.9355,,,,,,,,,,,,,,,,,,,,,,,,,,,,,,
,,4.74214,2.3656,,,,,,,,,,,,,,,,,,,,,,,,,,,,,,
,,4.74252,3.2258,,,,,,,,,,,,,,,,,,,,,,,,,,,,,,
,,4.74291,4.086,,,,,,,,,,,,,,,,,,,,,,,,,,,,,,
,,4.74339,25.1613,,,,,,,,,,,,,,,,,,,,,,,,,,,,,,
,,4.74358,5.5914,,,,,,,,,,,,,,,,,,,,,,,,,,,,,,
,,4.74444,7.5269,,,,,,,,,,,,,,,,,,,,,,,,,,,,,,
,,4.74531,9.4624,,,,,,,,,,,,,,,,,,,,,,,,,,,,,,
,,4.74617,11.3979,,,,,,,,,,,,,,,,,,,,,,,,,,,,,,
,,4.74704,13.3333,,,,,,,,,,,,,,,,,,,,,,,,,,,,,,
,,4.7479,15.2688,,,,,,,,,,,,,,,,,,,,,,,,,,,,,,
,,4.7504,20.8602,,,,,,,,,,,,,,,,,,,,,,,,,,,,,,
,,4.75107,22.3656,,,,,,,,,,,,,,,,,,,,,,,,,,,,,,
,,4.75145,23.2258,,,,,,,,,,,,,,,,,,,,,,,,,,,,,,
,,4.75184,24.086,,,,,,,,,,,,,,,,,,,,,,,,,,,,,,
,,4.75203,24.5161,,,,,,,,,,,,,,,,,,,,,,,,,,,,,,
,,4.77651,-0.645199999999999,,,,,,,,,,,,,,,,,,,,,,,,,,,,,,
,,4.79437,-0.645199999999999,,,,,,,,,,,,,,,,,,,,,,,,,,,,,,
